"taxon","KCl (500mM)","KCl (1000mM)","KCl (1500mM)","NaCl (250mM)","NaCl (500mM)","NaCl (1000mM)","4°C","16°C","30°C","40°C","Ethanol (5% v/v)","Ethanol 7% v/v","Ethanol 9% v/v","Ethanol 10% v/v","Ethanol 11% v/v","Ethanol 12% v/v","Sulfite (1,5mM)","Sulfite (2,25mM)","Sulfite (3,0mM)","Glucose (46%)","Sorbitol (46%)","Glucose (48%)","Sorbitol (48%)","Glucose (50%)","Sorbitol (50%)","Copper (0.075mM)","Cadmium (0.3mM)","Cadmium (0.4mM)","Cadmium (0.5mM)","Actidione (0,2 mg/L)","Actidione (0,4 mg/L)","Actidione (0,5 mg/L)","Acetic acid (50mM)","Acetic acid (75mM)","Acetic acid (100mM)","Levulinic acid (25mM)","Levulinic acid (50mM)","Levulinic acid (75mM)","Formic acid (25mM)","Formic acid (50mM)","Formic acid (75mM)","Glycerol (20°C)","Melibiose (20°C)","Sorbitol (20°C)","Ethanol (20°C)","Galactose (20°C)","Fructose (20°C)","Sucrose (20°C)","Maltose (20°C)","Maltose (liquid)","Maltotriose (liquid)","Glucose (10°C)","Ethanol (10°C)","Fructose (10°C)","Sucrose (10°C)","Maltose (10°C)","Glucose (39°C)","Ethanol (39°C)","Fructose (39°C)","Sucrose (39°C)","Maltose (39°C)","Lysine","Ethyl propionate","Ethyl butyrate","Ethyl hexanoate","Ethyl octanoate","Ethyl decanoate","Propyl acetate","Isobutyl acetate","Ethyl acetate","Isoamyl acetate","Phenyl ethyl acetate","Phenyl ethanol","Butanol","Isoamyl alcohol","Isobutanol","POF","Acetaldehyde","Flocculation","Ethanol production (%v/v)","Sporulation efficiency","Spore viability"
"BE001",1.827,1.422,0.026,-0.639,-0.62,-0.363,-0.466,1.641,2.235,-1.022,1.824,1.709,-0.936,-0.669,-0.91,-0.792,0.26,-0.348,-0.441,-0.824,-0.624,-0.61,-0.558,-0.443,-0.451,-0.045,0.167,0.048,-0.302,-0.645,-0.382,-0.341,-0.309,-0.395,-0.875,0.234,0.246,-0.836,-1.943,-1.501,-0.632,-0.949,-0.761,-0.826,1.685,0.743,1.465,0.745,1.55,0.322,0.431,-1.084,-0.628,-0.015,-0.37,-0.874,-1.307,-0.539,-1.66,-1.537,-1.105,0.191,2.252,-1.293,-0.566,-0.967,0.091,-0.929,0.668,0.685,0.378,-1.085,-0.529,-0.45,1.13,0.883,-0.922,-0.335,-0.584,-2.156,-1.223,-0.819
"BE002",-0.569,-0.286,-0.326,0.382,0.845,0.175,-0.466,0.524,0.047,-0.927,1.335,1.241,0.41,0.517,0.435,0.681,1.335,1.638,0.38,0.135,0.849,-0.418,-0.264,-0.443,-0.451,-0.593,0.729,-0.051,-0.6,-0.528,-0.382,-0.341,-0.642,-0.439,-0.875,-0.148,-0.235,-0.635,-0.335,-0.82,-0.632,0.235,1.735,0.352,0.287,-0.334,0.903,-0.883,1.36,0.117,0.173,1.191,-1.007,0.778,-1.35,-0.488,-1.158,-0.539,-1.051,-1.18,-0.582,0.191,0.176,-1.293,1.025,0.264,1.998,1.286,0.01,1.413,0.741,0.963,-0.035,-1.273,-0.124,-0.458,-0.922,-0.61,-0.584,-1.792,0.738,-0.655
"BE003",-0.818,-0.457,-0.271,0.455,-0.033,-0.363,-0.466,0.485,0.19,-0.755,0.939,-0.135,-0.352,-0.437,-0.833,-0.792,-0.24,-0.717,-0.441,-0.345,0.151,-0.162,0.03,-0.24,0.03,-1.058,-0.677,-0.794,-0.66,-0.345,2.087,-0.039,0.614,0.183,-0.875,-2.182,-1.551,-0.836,-0.211,-0.95,-0.632,-0.135,0.367,-0.163,-0.041,-3.005,-0.124,-0.691,-0.45,-1.232,0.395,-0.479,-0.032,-0.922,-0.963,-0.139,-0.799,-0.244,-0.827,-0.785,-0.564,0.191,-1.286,-1.293,-0.261,0.561,0.935,-0.929,-0.277,-0.836,0.36,1.456,0.956,-1.82,-0.063,-0.235,1.078,-0.49,-0.584,-1.85,-1.223,-0.819
"BE004",-0.211,-0.056,0.014,1.788,1.836,0.247,-0.466,0.12,-0.031,1.485,1.203,1.898,2.211,1.646,0.541,0.253,1.535,0.23,-0.441,-0.681,-0.314,-0.546,-0.411,-0.443,-0.451,1.624,0.006,-0.596,-0.72,-0.512,-0.382,-0.341,1.611,2.187,2.699,1.112,1.128,1.355,1.089,1.375,0.977,0.574,0.094,0.399,0.609,0.597,0.908,1.16,1.19,0.073,-1.478,0.547,0.938,2.897,1.629,-0.585,1.374,1.945,0.902,0.944,1.498,0.191,0.6,0.158,-0.158,-0.449,0.942,-0.929,-0.776,-0.455,-0.596,-0.334,-0.089,-1.394,0.22,-0.25,1.078,-0.401,-0.584,0.216,0.582,-0.819
"BE005",0.953,0.933,0.581,-0.107,-0.62,-0.363,-0.466,0.063,1.054,1.317,0.158,0.651,0.401,-0.314,-0.482,-0.64,0.056,-0.687,-0.441,0.567,0.616,-0.29,-0.117,-0.341,-0.451,1.296,-1.44,-1.091,-0.78,1.906,2.019,1.901,0.552,0.498,0.561,0.796,0.86,1.688,0.433,0.458,-0.632,0.115,-0.246,0.03,0.412,0.068,0.681,-0.211,1.49,-0.613,-1.478,-0.43,0.827,0.443,0.475,1.864,1.169,0.321,0.743,0.944,1.479,0.191,-0.93,-1.293,0.165,-0.898,1.497,-0.929,-0.493,-0.352,-0.53,-0.525,-0.616,-1.101,-0.477,-0.322,-0.922,-0.177,-0.584,0.321,0.893,0.336
"BE006",0.231,0.123,0.515,-0.571,-0.62,-0.363,-0.466,-0.025,-0.539,0.578,0.213,0.133,-0.001,-0.138,-0.099,-0.563,0.742,0.249,-0.441,0.231,0.616,0.222,0.323,-0.138,0.03,1.679,-0.677,-0.745,-0.72,2.648,2.655,2.136,0.515,1.205,0.875,0.462,0.13,0.755,0.485,0.503,-0.632,0.61,-0.096,0.386,-0.095,0.242,0.167,0.015,0.16,0.05,0.948,-0.822,0.599,0.011,0.251,1.263,-0.271,1.481,0.479,0.776,1.009,0.191,-0.542,-1.293,0.997,0.815,4.831,1.012,1.062,0.956,0.745,0.311,-0.122,-0.984,0.282,0.28,1.078,-0.255,-0.584,0.544,0.613,1.479
"BE007",-0.719,-0.714,-1.146,-0.641,-0.62,-0.363,-0.466,-0.722,-0.008,-1.022,-1.134,-1.561,-1.081,-0.943,-0.91,-0.792,-1.109,-0.717,-0.441,-0.824,-0.779,-0.61,-0.558,-0.443,-0.451,-1.058,-1.52,-0.398,-0.78,-0.645,-0.382,-0.341,1.611,-1.069,-0.875,-0.857,-1.551,-0.836,1.089,0.834,2.143,-1.649,-1.517,-1.471,-0.293,-0.116,-0.052,-0.996,-0.14,0.758,1.017,-1.084,-1.007,-0.689,-1.01,-1.068,-1.307,-0.539,-1.66,-1.537,-1.105,0.191,0.36,-1.293,-0.521,0.255,-0.029,-0.929,-1.234,-1.076,-1.281,-1.085,-0.46,-0.958,-0.814,0.002,-0.922,-0.618,-0.584,-1.029,-1.223,-0.819
"BE008",0.232,0.377,-0.519,-0.727,-0.62,-0.363,-0.466,0.948,0.548,-0.984,0.287,0.156,-1.081,-0.943,-0.91,-0.792,-1.294,-0.717,-0.441,-0.728,-0.624,-0.61,-0.558,-0.443,-0.451,0.256,-0.275,-0.992,-0.78,-0.645,-0.382,-0.341,1.063,0.067,-0.875,-0.684,-1.551,-0.836,-1.094,0.225,-0.632,-1.209,-1.159,-1.111,-0.607,0.151,-0.533,-0.256,0.77,0.859,0.632,-0.779,0.231,-0.837,-0.699,-0.321,-1.062,-0.539,-0.843,-1.04,-0.743,0.191,-0.338,-1.293,-0.833,-0.125,0.492,-0.929,0.42,0.034,0.302,0.379,0.341,-1.183,0.775,0.271,-0.922,-0.022,0.039,-1.052,0.177,-0.819
"BE009",0.514,0.571,-1.51,-0.885,-0.62,-0.363,-0.466,-0.465,0.373,-0.89,-0.371,0.436,-0.918,-0.943,-0.91,-0.792,0.518,-0.076,-0.441,-0.824,-0.779,-0.61,-0.558,-0.443,-0.451,-0.921,-1.561,-0.844,-0.481,-0.645,-0.382,-0.341,0.345,0.915,-0.875,0.312,0.535,0.824,0.983,-0.113,-0.632,0.139,0.729,0.173,0.017,0.122,0.037,0.033,0.5,0.859,1.017,-0.684,0.728,-0.585,0.062,0.421,0.997,-0.539,0.399,0.688,-0.91,0.191,-1.293,-1.293,-1.161,-1.581,-0.319,-0.929,-1.217,-1.703,-1.199,-1.085,-1.004,-2.165,-1.025,-0.295,-0.922,-0.367,1.285,-0.665,0.084,-0.819
"BE010",1.769,1.403,0.928,-0.609,-0.62,-0.363,-0.466,0.18,1.638,1.038,-0.011,0.851,-0.473,-0.943,-0.91,-0.792,0.226,-0.717,-0.441,-0.681,-0.779,-0.61,-0.558,-0.443,-0.451,-1.058,-1.48,-0.794,-0.78,-0.645,-0.382,-0.341,0.064,-1.19,-0.875,0.384,0.284,-0.836,-0.22,-0.81,-0.632,0.576,0.73,0.588,0.368,0.954,-0.161,-0.589,0.92,0.188,0.718,-1.084,-0.791,-0.485,-0.536,-0.033,1.654,-0.539,0.324,0.296,-1.105,0.191,0.664,-1.293,-0.968,-1.367,-0.153,-0.929,0.89,-0.028,0.434,-0.354,-0.316,-0.99,0.587,0.591,-0.922,-0.271,0.662,-1.369,0.053,-0.162
"BE011",-0.134,0.202,0.05,1.558,1.077,2.791,0.874,0.6,-0.044,0.43,0.596,0.791,1.233,0.782,0.419,0.093,0.997,-0.717,-0.441,-0.728,-0.469,-0.546,-0.558,-0.443,-0.451,-1.058,-0.596,-1.042,-0.78,-0.553,-0.382,-0.341,-0.685,0.062,0.333,-0.117,-0.102,-0.836,-0.221,-0.135,-0.632,0.159,0.144,0.227,1.211,-0.556,0.495,0.068,0.73,-1.159,-1.478,0.195,1.759,1.326,0.628,-0.377,1.14,-0.539,0.902,0.944,-0.19,0.191,-0.201,-1.293,0.636,3.22,-0.29,0.643,0.125,0.512,1.02,0.434,0.516,-0.719,0.969,-0.069,-0.922,-0.294,-0.584,0.685,0.302,0.599
"BE012",1.827,1.338,0.787,-0.449,-0.62,-0.363,-0.466,1.899,1.419,-1.022,1.344,1.714,-0.902,-0.943,-0.91,-0.792,-1.198,-0.717,-0.441,-0.728,-0.779,-0.61,-0.558,-0.24,-0.451,-1.058,-0.074,1.187,1.073,-0.645,-0.382,-0.341,-0.688,-0.372,-0.824,-1.89,-1.381,-0.836,-0.744,-0.332,-0.352,-1.649,-1.517,-1.471,-0.394,-1.439,-1.212,-0.508,0.16,0.483,0.809,0.693,0.341,-0.631,-0.669,-0.365,-0.952,-0.539,-1.081,-1.384,-1.105,0.191,0.845,-1.293,-0.935,-0.534,1.675,-0.929,-0.239,0.069,-0.273,-0.069,0.23,0.498,0.182,-0.043,-0.922,0.165,-0.584,-0.794,-0.663,-0.162
"BE013",0.005,0.195,0.632,1.834,1.533,1.61,2.236,1.156,0.259,-0.436,0.627,0.791,1.198,1.176,1.199,1.069,0.518,-0.717,-0.441,-0.009,0.229,-0.418,-0.117,-0.443,-0.211,-0.866,0.93,0.246,0.416,-0.645,-0.382,-0.341,0.529,1.768,0.8,0.694,0.382,0.241,1.089,0.466,0.076,0.199,0.145,0.304,0.354,0.37,0.133,0.15,1.12,0.685,0.775,0.846,2.149,1.199,1.428,1.535,-0.1,0.174,-0.138,0.245,1.063,0.191,0.034,-1.293,1.395,2.224,-0.258,-0.929,-0.61,0.034,-0.3,-0.435,-0.523,0.388,0.307,-0.016,1.078,-0.175,0.039,0.896,-0.445,1.807
"BE014",1.398,1.432,1.421,-0.269,-0.62,-0.363,-0.466,2.079,1.299,0.109,0.33,0.735,0.736,0.189,-0.123,-0.625,1.055,0.378,-0.441,-0.633,0.151,-0.61,-0.558,-0.443,-0.451,0.037,-0.476,-0.943,-0.78,2.023,1.48,2.34,0.87,2.187,1.667,1.323,1.394,0.605,1.089,0.546,0.676,0.205,0.1,0.084,-0.136,0.706,-0.3,-0.767,0.41,0.404,0.434,0.866,1.04,0.371,0.253,1.09,1.327,1.512,0.711,0.795,1.219,0.191,0.155,-1.293,1.925,2.442,7.987,1.503,1.37,1.726,1.89,0.794,0.416,1.255,2.002,0.627,1.078,-0.085,-0.584,0.18,0.956,1.479
"BE015",0.022,-0.162,-1.51,-0.649,-0.62,-0.363,-0.466,0.875,1.084,-0.803,0.079,-0.262,-0.927,-0.883,-0.91,-0.792,-0.087,-0.622,-0.441,-0.824,-0.779,-0.61,-0.558,-0.443,-0.451,-1.058,-0.034,-0.15,-0.003,-0.384,-0.382,-0.341,-1.609,-1.198,-0.875,-0.615,-1.227,-0.836,-0.063,-0.789,-0.632,0.136,-0.467,-0.629,0.003,-0.477,-0.237,-0.716,-0.24,0.424,1.017,-0.589,-1.007,-0.881,-1.39,-1.068,0.458,-0.539,-0.379,-0.048,-1.105,0.191,0.289,-0.552,-1.279,-1.592,-0.009,-0.929,-1.775,-1.012,-1.509,-1.085,-0.409,0.325,-1.491,-0.556,-0.922,0.36,-0.584,-2.226,0.209,-0.819
"BE016",-0.439,-1.772,-1.51,-0.648,-0.62,-0.363,-0.466,0.351,0.341,-1.022,0.024,-0.211,-1.081,-0.943,-0.91,-0.792,-1.33,-0.717,-0.441,-0.824,-0.779,-0.61,-0.558,-0.443,-0.451,-1.058,1.131,1.633,1.372,-0.645,-0.382,-0.341,-1.404,-0.635,-0.875,-1.186,-1.336,-0.836,0.016,-0.674,-0.632,0.645,-0.126,1.012,-0.062,0.954,-0.34,-0.45,-0.28,-0.127,0.398,0.653,-1.007,-1.469,-1.161,-1.068,-1.307,-0.539,-1.66,-1.537,-1.105,0.191,4.221,0.073,-0.343,-1.22,-0.283,-0.929,-1.345,-0.116,-1.31,-1.085,-0.431,0.787,-0.934,-0.63,-0.922,0.731,-0.584,-0.63,0.8,-0.819
"BE017",-0.973,-1.842,-1.51,-0.719,-0.62,-0.363,-0.466,0.409,-0.95,-1.022,-0.852,-1.973,-1.081,-0.943,-0.91,-0.792,-1.33,-0.717,-0.441,-0.824,-0.779,-0.61,-0.558,-0.443,-0.451,-0.018,-0.476,-1.091,-0.78,-0.645,-0.382,-0.341,-1.392,-0.216,-0.875,-0.294,-1.441,-0.697,-1.325,-1.089,-0.332,-1.322,-1.187,-1.471,-1.954,-1.883,-1.365,1.629,-0.65,0.859,0.916,-1.084,-1.007,-1.469,-1.752,-1.068,-1.307,-0.539,-1.66,-1.537,-1.105,0.191,-0.483,-0.64,-0.716,-1.672,-0.15,-0.929,-0.586,-0.344,-0.854,-0.334,-0.326,0.346,-1.386,-0.563,-0.922,4.819,0.039,-0.747,-1.223,-0.819
"BE018",1.186,2.289,1.742,3.978,5.468,2.331,-0.466,0.595,1.031,-1.022,0.358,0.88,0.775,0.894,0.947,0.324,-1.33,-0.717,-0.441,1.718,3.174,1.053,2.379,0.37,1.713,0.529,-1.44,-1.091,-0.78,-0.645,-0.382,-0.341,0.724,2.036,3.074,1.357,1.969,0.095,0.573,-0.077,0.577,0.789,-0.605,1.097,-0.466,-3.114,0.266,-1.861,-1.42,-3.688,-1.478,-0.018,-1.007,-1.199,-1.752,-1.068,-1.259,-0.539,-1.569,-1.448,-1.105,-4.007,-1.266,-0.316,0.518,-0.66,-0.172,-0.929,-0.276,-1.448,-1.168,-0.375,0.505,-0.291,-1.191,0.906,1.078,-0.124,2.531,-0.735,-1.223,-0.819
"BE019",1.503,0.89,-1.51,-0.885,-0.62,-0.363,-0.466,-1.062,0.671,-1.022,-0.188,-1.552,-1.081,-0.943,-0.91,-0.792,-1.33,-0.717,-0.441,-0.824,-0.779,-0.61,-0.558,-0.443,-0.451,0.31,-1.561,-1.091,-0.78,-0.645,-0.382,-0.341,-1.181,-0.705,-0.875,0.158,-0.726,-0.836,-0.921,-0.03,-0.632,-0.992,-0.395,-0.156,-0.864,0.62,0.875,-0.273,2.45,NaN,NaN,-1.084,-1.007,-0.209,-1.742,-1.068,-1.307,-0.539,-1.66,-1.537,-1.105,0.191,-1.005,0.294,-0.276,-0.558,-0.147,-0.929,0.953,-0.035,-1.179,-1.085,-1.145,1.184,-1.211,1.519,-0.922,9.027,0.039,-2.543,-0.943,-0.819
"BE020",0.095,0.601,0.564,1.22,1.352,2.721,0.126,0.458,-0.053,0.771,1.105,0.998,0.774,0.733,0.298,0.225,0.813,-0.268,-0.441,1.478,1.004,0.861,1.939,0.167,0.751,-0.073,0.97,0.741,0.356,0.036,-0.382,-0.341,1.102,1.313,1.601,1.138,0.203,0.641,1.089,1.039,0.321,0.27,0.232,0.241,0.567,0.06,0.781,-0.175,4.05,0.161,-1.478,0.491,-0.119,1.47,1.641,-1.068,0.33,-0.539,0.902,0.864,0.977,0.191,-0.904,-0.495,-0.817,-0.551,0.634,-0.929,-1.139,-1.134,-1.244,-0.312,3.021,1.709,0.696,0.491,1.078,1.252,-0.584,0.439,1.267,0.986
"BE021",0.419,0.873,0.418,1.477,1.364,0.307,-0.466,0.683,0.05,0.75,0.596,0.659,1.177,1.392,1.423,0.933,1.176,0.774,-0.441,0.95,1.236,0.286,1.351,0.065,0.511,0.201,1.051,0.642,0.416,-0.191,-0.382,-0.341,1.582,1.487,1.656,1.01,0.89,1.111,1.089,1.375,2.805,0.347,0.738,0.524,-0.46,0.186,-0.598,-0.659,-0.27,0.517,1.017,0.85,-0.08,0.431,0.41,-1.068,1.099,-0.539,0.902,0.944,-0.518,0.191,-0.888,0.87,2.703,2.733,-0.246,-0.929,-0.126,-0.111,0.176,-0.091,-0.101,0.44,-0.328,-0.251,1.078,0.529,-0.584,1.131,-0.601,0.822
"BE022",1.827,1.592,0.687,-0.628,-0.62,-0.363,2.816,1.32,1.495,-0.953,0.405,0.187,-0.941,-0.943,-0.91,-0.792,-1.33,-0.717,-0.441,-0.824,-0.779,-0.61,-0.558,-0.443,-0.451,0.31,0.649,0.543,0.894,-0.645,-0.382,-0.341,0.157,0.532,-0.875,0.035,0.397,-0.794,0.893,1.375,-0.632,0.368,-0.355,0.497,0.536,0.719,-0.571,-0.819,0.66,-0.846,-0.333,1.032,0.184,-0.932,-0.644,-0.273,0.357,-0.539,0.065,0.237,-0.209,0.191,0.705,-0.124,-0.225,-0.33,-0.269,-0.929,-0.874,0.017,-0.844,-0.44,-0.879,-0.805,-1.424,-0.741,1.078,-0.298,-0.584,0.357,0.022,-0.819
"BE023",0.345,0.718,0.581,-0.749,-0.62,-0.363,-0.466,0.905,0.352,1.258,0.206,0.328,-0.225,-0.579,-0.449,-0.792,-0.031,0.208,-0.405,-0.345,-0.082,-0.546,-0.264,-0.036,-0.451,0.502,0.85,1.435,0.894,1.118,0.077,0.074,0.757,1.038,1.292,0.434,0.614,1.394,1.044,1.375,1.725,-0.035,-0.739,-0.16,-1.097,0.646,-0.485,-0.521,-0.14,0.654,1.017,-0.155,-0.399,0.02,0.578,1.502,1.375,0.426,0.902,0.944,1.498,0.191,-0.907,-1.293,5.42,-0.364,-0.152,0.326,0.066,0.408,-0.162,-0.176,-0.727,-0.132,-1.008,-0.328,1.078,0.099,-0.584,0.31,0.987,0.494
"BE024",-0.33,-0.003,0.754,0.284,0.241,0.049,-0.466,0.538,-0.104,0.755,1.568,1.81,1.505,1.197,1.559,0.815,1.799,2.262,2.257,0.471,0.229,-0.226,0.176,-0.036,-0.451,1.679,0.529,-0.051,-0.062,1.057,0.399,1.179,0.137,0.609,0.711,0.388,0.237,0.359,0.46,0.747,0.349,-0.521,-0.63,-0.508,-0.23,-1.357,-0.411,-0.415,-0.38,0.859,-1.478,0.968,1.61,0.491,0.311,1.19,0.335,-0.232,0.126,0.389,0.624,0.191,-1.349,-0.098,-0.051,-1.013,-0.287,-0.929,-1.057,-1.231,-0.567,-0.641,-0.544,-0.296,-0.46,-0.513,-0.922,0.174,-0.584,0.615,0.956,1.643
"BE025",0.061,0.307,0.786,0.11,-0.62,-0.363,-0.466,0.499,-0.263,-0.065,1.264,1.126,0.962,0.934,0.623,0.223,0.228,0.212,-0.441,-0.201,-0.624,-0.61,-0.558,-0.443,-0.451,0.858,0.006,-0.051,-0.122,0.065,-0.382,-0.341,0.253,0.489,-0.048,0.382,0.651,0.985,0.716,0.96,-0.632,-0.203,-0.301,-0.115,-0.832,0.554,-1.541,-1.569,-0.7,0.645,0.995,-0.44,-0.229,-0.657,-0.504,0.005,0.62,2.504,0.504,-0.291,0.854,0.191,-1.013,-0.156,0.893,-1.414,-0.299,-0.929,0.032,-0.338,-0.361,-0.132,-0.024,0.401,-0.752,-0.383,1.078,3.244,-0.584,0.732,1.267,0.33
"BE026",1.827,1.495,0.104,-0.645,-0.62,-0.363,2.843,2.174,2.836,-1.022,-0.049,-0.433,-0.986,-0.943,-0.91,-0.792,-1.33,-0.717,-0.441,-0.824,-0.779,-0.61,-0.558,-0.443,-0.451,-1.058,0.127,0.345,0.416,-0.645,-0.382,-0.341,0.993,0.623,-0.875,0.118,0.619,-0.836,1.089,1.375,2.046,0.54,0.33,0.168,-0.668,0.954,-0.284,-0.384,0.29,-0.212,0.86,0.755,0.175,-0.571,0.383,1.223,1.063,-0.539,0.214,-0.045,0.333,0.191,0.908,-0.023,0.168,-0.463,-0.029,-0.929,-0.845,-0.041,-0.87,-0.331,-0.17,0.386,-1.218,-0.632,1.078,0.812,-0.584,0.709,0.271,-0.491
"BE027",-0.236,0.143,0.131,1.176,1.602,1.127,1.378,0.502,0.263,0.85,0.55,0.576,0.912,0.476,0.38,-0.262,1.659,1.798,1.27,-0.824,-0.779,-0.61,-0.558,-0.443,-0.451,-1.003,-0.114,-0.546,-0.66,-0.645,-0.382,-0.341,1.489,1.759,1.526,1.357,2.119,1.658,1.089,1.375,0.812,0.788,0.505,0.709,-0.596,0.666,-0.325,-0.442,-0.88,-0.477,-1.478,1.233,1.322,0.88,0.368,0.15,1.431,1.138,0.902,0.944,1.498,-4.007,-0.875,-1.293,-0.06,1.925,-0.127,-0.929,0.502,0.508,0.2,-0.346,-0.585,0.654,0.389,0.368,1.078,0.857,-0.584,0.873,0.022,-0.491
"BE028",1.678,1.142,1.298,-0.275,-0.62,-0.363,0.277,1.874,1.361,0.482,0.776,0.906,0.6,0.166,-0.22,-0.792,0.307,0.591,-0.441,-0.201,0.229,-0.482,-0.264,-0.443,-0.451,1.159,-0.516,-0.695,-0.78,4.274,4.488,4.177,1.205,1.654,2.072,1.181,1.227,1.579,0.715,1.141,2.266,-0.269,-0.634,-0.173,-0.226,0.266,-0.296,-0.105,-0.13,-0.023,0.772,1.394,1.215,0.405,0.459,1.259,1.331,2.198,0.902,0.944,1.498,0.191,-1.005,-1.293,1.273,0.316,-0.296,-0.929,-0.287,-0.291,-0.652,-0.393,-0.287,0.604,-0.25,0.198,1.078,1.436,-0.584,0.415,0.987,1.315
"BE029",0.941,0.977,0.943,-0.423,-0.62,-0.363,-0.466,1.45,1.592,0.47,0.057,0.315,0.497,0.27,-0.414,-0.792,0.935,0.105,-0.441,-0.345,0.073,-0.61,-0.558,-0.443,-0.451,1.679,-0.476,-0.646,-0.78,3.622,3.418,2.334,0.852,1.408,1.871,1.04,1.77,1.778,0.451,0.8,1.85,-0.324,-0.618,-0.202,-0.041,0.132,0.047,0.322,0.15,0.143,0.521,0.496,1.123,0.699,0.594,1.88,1.204,1.625,0.902,0.944,1.498,0.191,-1.319,0.158,0.842,-0.281,2.3,-0.929,-0.564,-0.682,-0.627,-0.586,-0.766,-0.531,-0.758,-0.289,1.078,0.054,-0.584,0.896,1.018,-0.162
"BE030",1.827,1.367,0.86,-0.607,-0.62,-0.363,-0.466,2.019,2.509,0.369,-1.035,-0.276,-0.806,-0.943,-0.91,-0.792,-0.726,-0.717,-0.441,-0.824,-0.779,-0.61,-0.558,-0.443,-0.451,0.228,1.091,2.227,2.448,-0.645,-0.382,-0.341,-0.515,0.316,-0.875,0.34,0.428,-0.766,0.954,1.091,-0.632,0.021,0.029,0.068,-0.251,0.558,-0.533,-0.03,0.19,0.54,0.548,-0.416,0.386,-0.428,-0.529,0.907,1.777,-0.539,0.902,0.944,1.089,0.191,2.054,-1.293,-0.798,-0.488,-0.343,0.666,0.311,1.463,0.406,0.33,0.364,0.372,0.426,-0.002,-0.922,-0.351,-0.584,0.321,-1.223,-0.819
"BE031",1.827,2.862,-0.838,-0.436,-0.62,-0.363,-0.466,1.895,3.035,-1.022,0.59,0.079,-0.874,-0.943,-0.91,-0.792,-1.33,-0.717,-0.441,-0.824,-0.779,-0.61,-0.558,-0.443,-0.451,-1.058,0.689,1.336,1.551,-0.645,-0.382,-0.341,0.684,0.606,-0.875,-0.417,-0.11,-0.778,1.089,1.136,-0.632,0.804,1.885,-0.335,2.665,0.954,1.454,0.451,0.47,0.062,0.63,-0.102,-1.007,1.12,0.645,1.547,-1.307,-0.539,-0.071,0.002,-1.105,0.191,0.217,-1.293,-0.947,-0.504,0.126,0.378,-0.635,0.111,0.042,0.472,-0.157,-1.954,-0.905,-0.79,-0.922,-0.598,-0.584,-0.195,-1.223,-0.819
"BE032",-0.362,0.063,0.869,3.835,2.971,6.805,-0.466,0.012,-0.261,-0.835,0.866,1.107,1.148,1.231,1.211,1.112,0.439,-0.476,-0.441,-0.297,-0.082,-0.61,-0.558,-0.443,-0.451,-0.018,0.167,-0.943,-0.72,-0.645,-0.382,-0.341,1.101,1.295,1.535,1.357,1.492,2.135,0.531,0.726,0.498,0.56,0.44,0.388,-0.976,-0.515,-1.03,-0.83,-0.82,-2.645,1.017,1.665,-0.325,1.052,0.534,-0.026,0.773,0.523,0.227,0.134,0.509,0.191,NaN,NaN,NaN,NaN,NaN,NaN,NaN,NaN,NaN,NaN,NaN,NaN,NaN,NaN,1.078,NaN,NaN,1.343,1.36,1.643
"BE033",0.009,0.374,0.829,-0.113,-0.019,0.147,-0.466,0.221,-0.105,1.127,1.633,1.711,1.14,1.137,0.994,0.727,1.712,2.096,2.437,0.183,0.151,-0.162,0.176,-0.341,0.03,1.569,0.287,-0.101,-0.421,0.806,0.012,0.207,0.283,0.776,1.077,0.313,0.534,1.163,0.676,0.844,0.069,0.651,0.166,0.307,-0.092,0.442,-0.186,-0.378,-0.26,0.859,-1.478,0.635,1.473,0.361,0.616,1.092,1.168,0.12,0.227,0.426,0.376,0.191,NaN,NaN,NaN,NaN,NaN,NaN,NaN,NaN,NaN,NaN,NaN,NaN,NaN,NaN,-0.922,NaN,NaN,1.542,1.205,1.807
"BE034",1.827,2.15,-0.768,1.166,0.151,-0.363,-0.466,0.466,0.807,-1.022,1.479,2.199,2.171,3.712,0.39,-0.285,0.311,0.696,-0.264,-0.393,-0.159,-0.354,-0.558,-0.138,-0.451,0.31,0.93,-0.2,-0.6,-0.645,-0.382,-0.341,0.582,1.126,1.112,1.357,2.119,3.61,0.523,0.805,1.595,0.145,-0.011,-0.595,0.552,-1.17,0.337,-0.12,0.01,-0.852,0.552,-0.281,0.564,-0.133,-1.381,1.346,-1.307,-0.539,-1.049,-1.154,-0.584,0.191,NaN,NaN,NaN,NaN,NaN,NaN,NaN,NaN,NaN,NaN,NaN,NaN,NaN,NaN,1.078,NaN,NaN,0.855,0.707,1.368
"BE035",1.645,-1.59,-1.51,-0.208,-0.62,-0.363,-0.466,2.487,0.643,-1.022,0.834,-0.102,-1.081,-0.943,-0.91,-0.792,-0.684,-0.588,-0.441,-0.824,-0.779,-0.61,-0.558,-0.443,-0.451,-1.058,0.006,1.583,1.193,-0.645,-0.382,-0.341,0.324,-1.237,-0.875,-0.286,-0.25,-0.645,0.443,-1.15,-0.632,-1.649,-1.517,-1.471,-1.954,-3.114,-1.001,-2.444,-1.63,0.167,-0.782,-0.403,-1.007,-1.469,-1.752,-1.068,-1.307,-0.539,-1.66,-1.537,-1.105,0.191,NaN,NaN,NaN,NaN,NaN,NaN,NaN,NaN,NaN,NaN,NaN,NaN,NaN,NaN,-0.922,NaN,NaN,-2.202,-1.223,-0.819
"BE036",1.31,0.954,-1.122,-0.626,-0.62,-0.363,-0.466,1.291,2.031,-1.022,1.473,2.805,1.016,0.572,-0.631,-0.647,0.33,0.061,-0.441,-0.824,-0.779,-0.61,-0.558,-0.443,-0.451,-1.058,-0.918,-0.943,-0.6,-0.645,-0.382,-0.341,0.038,-0.598,-0.875,0.578,0.977,-0.364,0.403,-0.444,-0.632,-0.139,-0.611,0.1,0.337,0.454,0.031,0.849,0.59,0.743,0.575,-0.316,-0.31,0.079,-0.082,1.819,-1.307,-0.539,-0.106,-1.537,-1.105,0.191,NaN,NaN,NaN,NaN,NaN,NaN,NaN,NaN,NaN,NaN,NaN,NaN,NaN,NaN,-0.922,NaN,NaN,-1.228,-1.037,-0.819
"BE037",0.962,0.765,-0.915,-0.487,-0.62,-0.363,-0.466,2.172,2.468,-1.022,0.517,-0.401,-0.814,-0.583,-0.91,-0.792,0.342,0.592,-0.105,-0.824,-0.779,-0.61,-0.558,-0.443,-0.451,-1.058,-1.641,-1.091,-0.78,-0.645,-0.382,-0.341,0.397,0.557,-0.875,0.916,0.788,-0.836,-0.197,-0.241,0.043,-1.14,-1.517,-0.715,1.274,0.383,-0.702,2.282,-0.42,-0.958,-0.633,-0.677,-1.007,-1.469,-0.059,-1.068,-0.38,-0.539,-0.11,-0.036,-1.105,0.191,NaN,NaN,NaN,NaN,NaN,NaN,NaN,NaN,NaN,NaN,NaN,NaN,NaN,NaN,-0.922,NaN,NaN,-0.594,-0.694,-0.655
"BE038",0.046,0.446,0.423,-0.761,-0.62,-0.363,-0.466,-0.126,-0.721,1.528,0.181,-0.087,-0.264,-0.23,0.287,0.409,0.059,-0.37,-0.441,-0.776,-0.779,-0.61,-0.558,-0.443,-0.451,0.31,0.207,0.395,0.834,1.273,0.017,-0.024,0.608,1.342,1.494,-0.027,0.119,1.668,0.427,0.912,2.243,-0.342,-0.038,-0.355,-0.515,0.691,-0.603,-0.606,-0.22,-0.066,0.834,-0.377,-0.464,-0.359,-0.327,0.525,0.654,-0.065,0.902,0.944,1.498,0.191,-0.882,0.063,1.863,-0.798,0.067,-0.929,-0.93,-0.794,-0.966,-0.682,-0.735,0.123,-0.845,-0.541,-0.922,1.068,-0.584,1.366,1.329,0.166
"BE039",-0.474,-0.501,-0.657,1.025,0.718,1.528,-0.466,-0.358,-0.875,0.882,0.081,0.056,0.527,0.122,0.616,0.306,0.59,0.769,0.352,-0.776,-0.702,-0.61,-0.558,-0.443,-0.451,-0.894,-0.837,-1.042,-0.78,-0.539,-0.382,-0.341,0.345,0.495,0.841,0.804,1.009,0.442,-0.08,0.244,-0.632,0.045,0.016,0.025,-0.707,-0.728,-0.46,-0.875,-0.94,-1.281,-1.478,-0.343,-0.053,0.229,-0.347,-0.794,0.699,-0.459,0.841,0.944,-0.091,0.191,-1.174,-1.293,-0.356,1.338,-0.149,-0.929,-0.394,-0.62,-0.359,-0.569,0.062,0.286,0.485,0.238,-0.922,0.527,-0.584,0.896,0.427,0.002
"BE040",-0.209,0.01,-0.343,1.314,0.892,0.928,-0.466,0.43,-0.852,0.217,-0.522,-0.054,0.5,0.522,0.334,-0.359,0.712,0.715,0.255,-0.728,-0.547,-0.61,-0.558,-0.443,-0.451,0.037,-0.878,-1.091,-0.78,-0.645,-0.382,-0.341,0.592,0.566,0.722,1.176,1.148,1.177,0.406,0.141,-0.632,0.246,-0.024,0.133,-0.419,-0.573,-0.227,-0.665,-0.95,0.113,-1.478,0.068,-0.264,0.554,-0.006,-0.751,0.565,-0.539,0.902,0.944,-0.539,0.191,-1.104,0.25,0.082,-0.182,-0.211,-0.929,-0.468,-0.619,-0.33,-0.555,-0.281,0.521,0.549,0.079,-0.922,1.088,-0.584,0.533,0.146,0.33
"BE041",-0.074,-0.49,-0.678,-0.378,-0.62,-0.363,2.276,5.059,1.68,-1.022,1.146,-1.747,-1.081,-0.943,-0.91,-0.792,-0.594,-0.717,-0.441,-0.824,-0.779,-0.61,-0.558,-0.443,-0.451,0.995,-0.396,-0.695,-0.541,-0.645,-0.382,-0.341,-1.674,-1.237,-0.875,-2.182,-1.551,-0.836,-2.206,-1.537,-0.632,-0.537,-1.517,-1.471,-1.311,-1.176,-0.467,-0.66,-0.61,0.859,0.323,5.194,-0.119,-0.863,-0.528,-0.614,-1.307,-0.539,-1.66,-1.537,-1.105,0.191,-0.786,-0.06,-1.25,-1.659,-0.317,-0.929,-1.414,-1.545,-1.354,-1.085,-0.849,-0.8,-1.436,-0.498,-0.922,0.022,-0.584,-0.131,-1.223,-0.819
"BE042",1.827,2.672,-0.842,-0.885,-0.62,-0.363,-0.466,0.967,0.246,-1.022,-1.995,-1.918,-1.081,-0.943,-0.91,-0.792,-1.197,-0.58,-0.441,-0.489,-0.469,-0.162,-0.558,-0.443,-0.451,-0.976,-1.52,-1.091,-0.78,-0.645,-0.382,-0.341,-1.021,-1.237,-0.875,-0.291,-0.446,-0.785,0.439,0.18,-0.341,-1.12,-1.517,-0.951,-1.954,-0.542,0.169,-0.163,-1.12,0.151,0.729,-0.38,-1.007,-1.469,-1.752,-1.068,-1.307,-0.539,-1.66,-1.537,-1.105,0.191,-1.254,0.044,-0.586,1.447,-0.287,-0.929,-0.591,-1.061,-0.557,-0.485,-0.638,-1.363,-1.203,-0.587,-0.922,-0.359,-0.584,-0.588,-1.223,-0.819
"BE043",1.618,1.284,0.537,-0.652,-0.62,-0.363,-0.466,0.269,-0.556,-1.022,0.009,0.005,0.195,-0.358,0.11,-0.792,-1.33,-0.717,-0.441,-0.728,-0.779,-0.61,-0.558,-0.443,-0.451,-0.456,0.127,-0.002,-0.122,-0.645,-0.382,-0.341,0.907,0.591,-0.875,0.012,0.195,0.089,1.089,1.137,-0.632,-1.357,-1.517,-1.177,-0.398,-0.241,-0.023,-0.966,-0.18,0.449,0.89,-0.599,-0.329,-0.623,-0.397,0.122,0.789,-0.539,0.902,0.944,-1.105,0.191,0.732,0.31,0.52,2.59,-0.159,0.571,1.172,1.355,0.723,0.662,0.926,-0.531,-0.756,-0.378,1.078,-0.496,-0.584,-0.706,-1.223,-0.819
"BE044",-0.79,-0.943,-0.464,-0.68,-0.62,-0.363,-0.466,-1.793,-1.098,-1.022,-1.531,-1.21,-1.005,-0.841,-0.91,-0.792,-1.227,-0.717,-0.441,-0.824,-0.779,-0.61,-0.558,-0.443,-0.451,-0.319,-1.52,-1.091,-0.78,-0.645,-0.382,-0.341,-0.153,-1.237,-0.875,-0.203,-0.936,-0.836,-0.339,-0.391,-0.632,-1.649,-1.517,-1.471,-1.954,-0.065,4.751,2.422,0.27,0.162,0.746,-1.084,-1.007,1.052,-1.752,-1.068,-1.307,-0.539,-1.66,-1.537,-1.105,0.191,2.048,0.85,-0.665,-0.311,-0.398,0.616,-0.575,-0.182,-0.472,-0.256,2.06,-0.327,-0.12,1.099,-0.922,-0.21,0.662,-0.5,-1.223,-0.819
"BE045",0.37,-0.093,-1.51,-0.885,-0.62,-0.363,-0.466,-0.861,0.081,-1.022,-1.157,-1.27,-1.081,-0.943,-0.91,-0.792,-0.097,-0.717,-0.441,-0.441,-0.779,-0.61,-0.558,-0.443,-0.451,0.092,1.051,0.395,-0.182,-0.645,-0.382,-0.341,-2.342,-1.237,-0.875,0.392,-0.717,-0.836,0.423,1.169,-0.632,-1.649,-1.517,-1.471,2.743,0.771,1.452,2.102,2.36,-1.475,-0.425,-1.084,-1.007,-1.469,0.345,-1.068,-0.488,-0.539,0.475,0.944,-1.105,0.191,0.726,0.375,-0.832,-0.429,-0.419,0.591,0.034,-0.105,-0.737,-0.649,-0.743,0.024,-0.672,2.558,-0.922,0.105,2.531,-0.066,0.364,-0.819
"BE046",0.126,-0.882,-0.057,-0.723,-0.62,-0.363,0.538,-0.827,-0.615,-1.022,-1.111,-0.608,-1.025,-0.868,-0.91,-0.792,-1.258,-0.65,-0.441,-0.728,-0.392,-0.61,-0.558,-0.443,-0.451,1.679,-0.878,-0.893,-0.78,-0.391,-0.382,-0.341,-0.171,-1.237,-0.875,-0.79,-0.55,-0.836,0.424,0.349,-0.632,-0.745,-0.752,-0.91,0.627,0.613,1.901,1.804,1.07,0.343,0.864,-0.727,1.367,-0.089,-0.599,-1.068,-0.723,-0.539,-0.132,-0.384,-1.105,0.191,1.11,0.06,-0.85,-0.437,-0.414,0.233,-0.939,-1.038,-1.103,-0.811,-0.64,-0.319,-0.556,1.069,-0.922,0.279,-0.584,-0.606,0.084,-0.819
"BE047",0.233,-0.085,-1.51,-0.725,-0.62,-0.363,-0.466,-1.166,-0.373,1.26,-0.766,-0.76,-0.887,-0.848,-0.816,-0.62,0.401,0.027,-0.441,-0.728,-0.624,-0.61,-0.558,-0.443,-0.451,-1.003,-1.279,-0.794,-0.481,-0.645,-0.382,-0.341,0.652,-0.777,-0.875,0.043,1.465,-0.483,0.254,0.542,-0.632,0.122,0.679,0.137,1.877,0.5,6.013,3.752,4.05,0.066,0.383,-0.961,1.8,0.403,2.645,-1.068,0.743,-0.539,0.902,0.944,0.847,0.191,0.331,0.77,-0.727,-0.424,-0.415,0.435,0.364,0.2,-0.1,-0.516,-0.721,-0.04,0.532,3.478,-0.922,-0.191,0.662,-0.712,-0.476,-0.819
"BE048",-0.63,-0.9,0.064,-0.79,-0.62,-0.363,-0.466,-1.189,-1.066,-0.902,-1.146,-1.092,-1.044,-0.894,-0.91,-0.792,-1.222,-0.717,-0.441,-0.681,-0.779,-0.61,-0.558,-0.443,-0.451,-1.058,-1.4,-0.992,-0.78,-0.645,-0.382,-0.341,-0.556,-1.237,-0.875,1.357,0.465,-0.803,-0.29,-0.736,-0.632,-0.443,-0.141,-0.368,-0.58,-0.208,-0.127,-0.185,0.07,-0.192,0.305,-0.89,-1.007,-0.911,-1.126,0.23,-0.203,-0.539,0.777,0.944,-0.452,0.191,0.944,0.778,-0.777,-0.31,-0.404,0.821,0.772,0.11,0.681,-0.012,-0.043,0.179,1.514,3.568,-0.922,-0.016,1.285,-0.723,-0.632,-0.819
"BE049",0.01,-0.29,0.581,-0.752,-0.62,-0.363,-0.466,-0.249,-0.242,-1.022,-1.623,-1.023,-0.949,-0.943,-0.91,-0.792,0.266,0.156,-0.441,-0.728,-0.779,-0.61,-0.558,-0.443,-0.451,0.31,-1.601,-1.091,-0.78,-0.645,-0.382,-0.341,-1.209,-1.237,-0.875,-2.182,-0.326,-0.836,-1.093,-0.692,-0.632,-0.5,-0.094,-0.389,-0.176,0.779,0.787,0.474,1.03,0.129,0.855,-0.762,-1.007,-0.474,-0.547,0.529,0.326,-0.539,0.902,0.944,-1.105,0.191,-0.743,-0.159,-0.825,-0.216,-0.405,1.226,-0.743,-1.421,-0.937,-1.085,-1.075,0.377,-0.63,-1.255,-0.922,0.288,0.662,-1.017,-1.192,-0.819
"BE050",-0.393,-0.467,-1.51,-0.885,-0.62,-0.363,-0.466,-0.587,-0.373,-1.022,-1.715,-1.615,-1.081,-0.943,-0.91,-0.792,-1.056,-0.717,-0.441,-0.537,-0.779,-0.226,-0.558,-0.443,-0.451,-0.1,1.653,1.435,1.013,-0.645,-0.382,-0.341,-0.299,-1.237,-0.875,0.051,-0.602,-0.836,-0.189,-1.284,-0.632,-1.649,-1.517,-1.471,2.825,0.903,1.375,1.361,1.67,-0.232,0.402,-0.801,-1.007,-0.069,-0.337,0.337,-0.159,-0.539,0.798,0.944,-1.105,0.191,-0.132,0.238,-0.859,-0.453,-0.42,0.351,0.079,-0.191,-0.641,-0.583,-0.923,-0.04,-0.78,2.103,-0.922,0.055,2.531,0.157,0.458,-0.819
"BE051",-1.337,-0.838,-1.51,-0.885,-0.62,-0.363,-0.466,-0.375,0.078,-1.022,-1.579,-1.839,-1.081,-0.943,-0.91,-0.792,NaN,NaN,NaN,-0.824,-0.779,-0.61,-0.558,-0.443,-0.451,0.529,-1.239,-1.091,-0.78,-0.645,-0.382,-0.341,-2.208,-1.237,-0.875,-2.182,-1.351,-0.836,-2.206,-1.537,-0.632,-1.649,-1.517,-1.471,0.73,-0.769,0.418,0.354,0.27,0.82,1.017,-0.813,-1.007,-1.469,-1.752,-1.068,-1.307,-0.539,-1.66,-1.537,-1.105,0.191,NaN,NaN,NaN,NaN,NaN,NaN,NaN,NaN,NaN,NaN,NaN,NaN,NaN,NaN,-0.922,NaN,0.039,-1.674,-1.223,-0.819
"BE052",-1.008,-1.248,-1.229,0.654,0.608,-0.363,-0.466,-1.216,-1.423,-1.022,-0.911,-0.447,-0.093,-0.262,-0.301,0.297,-1.244,-0.717,-0.441,-0.105,-0.779,-0.482,-0.558,-0.443,-0.451,1.296,0.649,0.642,0.954,0.897,-0.382,-0.341,0.172,-1.096,-0.819,1.067,-1.229,-0.836,-0.52,-0.633,-0.356,-0.452,0.122,-0.205,-0.147,0.292,1.008,0.832,-0.27,0.19,0.823,-0.136,0.475,3.504,3.007,0.035,-1.25,-0.539,-1.66,-1.537,-1.105,0.191,1.546,0.191,-0.861,-0.322,-0.369,0.343,-0.876,-0.841,-0.752,-0.244,0.819,-0.017,-0.471,0.256,-0.922,0.386,-0.584,-2.015,-0.943,-0.819
"BE053",-0.2,-1.609,-1.51,-0.885,-0.62,-0.363,-0.466,-0.765,-0.211,-1.022,-1.16,-0.672,-1.002,-0.943,-0.91,-0.792,-1.33,-0.717,-0.441,-0.824,-0.779,-0.61,-0.558,-0.443,-0.451,-0.237,-1.279,-1.091,-0.78,-0.645,-0.382,-0.341,1.275,-1.133,-0.875,-0.364,-1.015,-0.836,0.508,-1.448,-0.632,-0.012,-0.269,-0.551,1.564,-1.087,2.035,2.672,1.29,0.285,-0.082,-0.907,2.012,-0.089,0.631,0.316,-0.854,-0.539,-0.488,-1.537,-1.105,0.191,2.463,0.773,-0.52,-0.321,-0.408,0.724,-0.382,0.252,0.681,-0.415,-0.402,0.086,1.479,-0.018,-0.922,-0.198,0.039,-0.559,-1.13,-0.819
"BE054",0.087,-0.266,0.063,-0.764,-0.62,-0.363,-0.466,-0.729,-0.188,-0.422,-0.75,-0.926,-0.713,-0.887,-0.814,-0.792,0.342,-0.004,-0.382,-0.824,-0.779,-0.61,-0.558,-0.443,-0.451,0.31,-1.641,-0.943,-0.78,-0.645,-0.382,-0.341,-0.664,-0.556,-0.875,0.771,1.48,-0.798,-0.066,-0.67,-0.632,-0.696,-0.374,-0.668,-0.44,0.474,0.767,0.751,0.94,0.106,0.636,-0.99,-1.007,-0.725,-0.351,0.425,0.188,-0.539,0.902,0.944,-0.308,0.191,0.8,0.022,-0.631,-0.301,-0.41,0.805,1.11,0.894,1.573,-0.165,-0.658,0.18,1.54,0.926,-0.922,0.215,2.531,-0.36,-1.192,-0.819
"BE055",0.155,-0.885,-0.079,-0.885,-0.62,-0.363,-0.466,-0.559,-0.311,0.263,-0.833,-0.857,-0.684,-0.668,-0.21,-0.7,-0.588,-0.653,-0.441,-0.489,0.306,-0.61,-0.264,-0.443,-0.451,1.679,-1.279,-0.893,-0.541,-0.645,-0.382,-0.341,-1.428,-1.165,-0.875,-2.182,-1.551,-0.836,-2.057,-1.537,-0.632,-0.942,-0.713,-0.794,1.306,-0.275,0.767,0.594,2.34,-0.626,0.258,-0.774,0.115,0.02,-0.5,4.807,0.315,-0.539,0.902,0.944,0.538,0.191,0.217,0.65,-0.85,-0.301,-0.408,0.376,0.046,0.334,0.259,-0.272,-0.576,-0.083,0.292,-1.255,-0.922,-0.211,1.285,-0.383,-1.223,-0.819
"BE056",0.108,-0.308,0.019,-0.885,-0.62,-0.363,-0.466,-1.246,-0.578,-1.022,-1.394,-0.87,-0.99,-0.82,-0.91,-0.792,-1.33,-0.717,-0.441,-0.633,-0.779,-0.61,-0.558,-0.443,-0.451,-1.058,-1.44,-0.695,-0.78,-0.463,-0.382,-0.341,1.236,-1.237,-0.875,-0.099,-1.124,-0.836,-0.388,-1.22,-0.632,-0.028,0.259,-0.537,1.107,0.954,1.966,-0.084,0.72,NaN,NaN,-1.084,-1.007,0.332,-0.385,-1.068,-0.097,-0.539,0.698,0.944,-1.105,0.191,0.313,1.099,-0.431,-0.101,-0.383,0.591,0.888,1.082,0.836,-0.175,-0.568,0.081,1.118,-1.255,-0.922,-0.643,2.531,-0.77,-1.223,-0.819
"BE057",0.735,1.25,-0.739,-0.885,-0.62,-0.363,-0.466,-0.319,2.037,-1.022,-1.28,-0.976,-1.081,-0.943,-0.91,-0.792,0.567,-0.6,-0.441,-0.824,-0.779,-0.61,-0.558,-0.443,-0.451,-1.058,-0.114,-0.646,-0.78,-0.645,-0.382,-0.341,-2.454,-1.237,-0.875,-1.829,-1.473,-0.836,-2.206,-1.537,-0.632,-0.277,0.476,-1.471,2.743,0.562,0.418,1.64,0.27,0.286,0.623,-1.084,-1.007,-1.469,-1.033,-1.068,-1.307,-0.539,-1.66,-1.537,-1.105,0.191,-1.217,0.046,-0.551,-0.429,-0.407,-0.024,-0.615,-1.075,-0.665,-0.686,-0.937,-0.272,-0.766,-0.085,-0.922,0.262,0.662,-1.545,-1.223,-0.819
"BE058",0.644,0.168,-0.942,-0.885,-0.62,-0.363,-0.466,-0.174,0.196,1.528,-1.611,-1.686,-1.081,-0.943,-0.91,-0.792,0.46,-0.635,-0.441,-0.249,-0.237,-0.61,-0.558,-0.443,-0.451,-0.976,-1.641,-1.091,-0.78,-0.645,-0.382,-0.341,-1.164,-1.146,-0.875,-2.182,-1.551,-0.836,-2.206,-1.537,-0.632,-0.056,0.504,-0.626,0.746,0.453,1.824,1.553,1.3,-0.82,0.178,-0.834,-1.007,-0.058,-0.368,0.347,1.378,-0.539,0.902,0.944,1.498,0.191,0.037,0.208,-0.755,-0.409,-0.468,0.435,-0.798,-1.073,-0.969,-0.975,-1.029,-0.211,-0.96,-0.205,-0.922,0.605,-0.584,-0.723,-0.383,-0.819
"BE059",-0.648,-0.263,0.915,0.44,0.969,-0.363,-0.466,-1.331,-1.269,0.745,0.203,0.315,0.413,0.32,0.577,0.807,1.072,1.565,1.587,-0.824,-0.624,-0.61,-0.558,-0.443,-0.451,-1.003,0.649,0.84,0.894,-0.645,-0.382,-0.341,1.149,-0.211,0.046,0.249,1.514,0.938,-0.044,0.563,-0.632,0.564,-1.517,-0.121,-0.925,0.63,0.161,-0.015,-0.78,0.735,1.017,-0.29,-0.06,-0.504,-1.137,-0.628,0.012,-0.16,0.902,0.944,1.357,0.191,-0.455,0.371,0.118,-0.199,-0.353,0.135,-0.05,-0.374,-0.018,-0.142,0.039,-0.127,-0.223,1.799,-0.922,0.393,2.531,1.659,-0.694,0.678
"BE060",0.667,-0.045,-1.153,-0.885,-0.62,-0.363,-0.466,-0.594,0.72,-1.022,-0.776,-1.109,-1.081,-0.943,-0.91,-0.792,-0.388,-0.717,-0.441,-0.824,-0.779,-0.61,-0.558,-0.443,-0.451,0.393,0.729,1.187,-0.361,-0.645,-0.382,-0.341,0.996,-1.237,-0.875,-0.421,1.786,-0.836,-2.206,-1.318,-0.632,-0.814,-0.245,-0.831,0.366,-2.222,-1.149,-1.432,1.07,-0.088,0.632,-1.084,-1.007,-1.469,-1.752,0.081,-1.241,-0.539,-1.66,-1.537,-1.105,0.191,-0.606,0.876,-0.352,-0.215,-0.401,0.35,0.442,0.516,-0.166,-0.495,-0.904,0.002,-0.56,0.664,-0.922,0.589,-0.584,-0.723,-1.161,-0.819
"BE061",-0.527,-0.473,0.568,-0.52,-0.62,-0.363,-0.466,-0.849,-0.664,1.487,-0.697,-0.574,-0.534,-0.463,-0.449,-0.107,-0.972,-0.717,-0.441,0.135,-0.547,-0.098,-0.558,-0.138,-0.451,-1.058,0.77,0.246,0.595,2.078,0.096,0.092,0.595,0.182,0.594,-0.077,-0.354,-0.836,-0.113,-1.048,-0.632,-0.666,-0.259,-0.471,-0.413,0.567,-0.224,-0.332,0.05,0.859,0.995,-0.786,-0.695,0.1,0.192,0.616,1.024,-0.429,0.902,0.944,1.498,0.191,1.009,1.659,1.781,0.145,-0.071,0.974,0.077,1.334,0.527,-0.111,-0.452,0.13,0.434,0.201,-0.922,-0.329,-0.584,0.803,0.831,0.336
"BE062",-0.927,-0.68,0.55,1.176,1.445,-0.363,-0.466,-0.793,-0.93,0.166,0.095,0.211,0.938,0.472,1.22,1.208,0.414,-0.116,-0.441,0.183,1.004,0.03,1.058,-0.24,0.03,0.42,0.167,-0.051,0.356,-0.645,-0.382,-0.341,0.154,-0.374,0.91,0.866,1.641,0.339,-0.948,-0.683,-0.632,0.118,0.13,0.308,-0.504,0.784,0.238,0.357,-0.6,0.019,0.556,-0.727,-0.325,1.02,0.701,-1.068,0.0,0.059,0.902,0.944,1.189,0.191,-0.592,0.474,0.492,0.102,-0.223,0.053,-0.32,-0.493,0.048,0.255,-0.017,0.029,-0.17,-1.255,1.078,-0.016,2.531,1.143,0.769,1.15
"BE063",-1.512,-1.428,-0.432,1.072,1.19,0.244,-0.466,-0.85,-0.831,0.964,-0.811,-0.414,-0.043,-0.111,0.218,0.678,1.464,1.875,2.312,0.183,0.771,-0.226,0.176,-0.24,0.03,-0.757,-0.556,-0.844,-0.78,-0.645,-0.382,-0.341,0.127,-1.195,-0.875,0.452,-0.133,-0.781,-0.945,-1.537,-0.632,0.055,0.016,-0.093,-0.388,0.353,0.726,0.318,-0.79,-0.912,0.262,-0.524,0.108,1.629,1.036,-0.662,-0.447,-0.539,0.103,0.37,0.489,0.191,-0.723,0.267,1.05,-0.262,-0.37,1.038,-0.687,-0.855,-0.535,-0.322,-0.409,-0.154,-0.566,-1.255,1.078,0.238,2.531,0.263,0.489,-0.819
"BE064",0.536,0.716,1.267,-0.625,-0.62,-0.363,-0.466,-0.326,0.442,-1.022,-1.068,0.325,-0.587,-0.152,0.079,-0.619,0.466,-0.6,-0.441,-0.824,-0.779,-0.61,-0.558,-0.443,-0.451,-0.237,-1.52,-0.794,-0.78,-0.645,-0.382,-0.341,1.611,-1.078,-0.875,-0.092,-0.646,-0.836,-2.206,-1.537,-0.632,-1.649,-1.517,-1.471,2.639,0.729,1.98,3.594,3.44,0.494,0.801,-1.084,-1.007,0.955,1.553,1.364,-0.309,-0.539,0.902,-0.742,-1.105,0.191,0.92,1.132,-0.843,-0.35,-0.396,1.058,-0.003,0.499,0.495,-0.186,-0.276,0.022,0.961,1.906,1.078,-0.363,1.908,-0.723,-1.223,-0.819
"BE065",-0.31,-1.39,-1.51,-0.885,-0.62,-0.363,-0.466,-0.775,-0.063,-1.022,-1.322,-1.17,-0.988,-0.818,-0.91,-0.792,-1.33,-0.717,-0.441,-0.824,-0.779,-0.61,-0.558,-0.443,-0.451,-1.058,-1.761,-1.091,-0.78,-0.645,-0.382,-0.341,-0.913,-0.751,-0.875,-1.386,-1.492,-0.836,-0.819,-1.537,-0.632,0.056,-0.227,-0.843,1.255,-1.378,0.595,1.13,-0.21,0.689,0.991,-0.512,-1.007,-1.469,-0.319,-1.068,-1.307,-0.539,-1.66,-1.537,-1.105,0.191,0.904,0.809,-0.384,0.002,-0.381,0.653,0.297,0.598,0.459,0.373,0.968,0.127,0.634,2.247,-0.922,-0.388,-0.584,-0.958,-1.223,-0.819
"BE066",-0.533,-0.361,-0.303,-0.885,-0.62,-0.363,-0.466,-0.5,-0.727,-0.356,-0.701,-1.314,-1.081,-0.943,-0.91,-0.792,0.464,0.174,-0.441,-0.681,-0.779,-0.61,-0.558,-0.443,-0.451,-1.058,-1.36,-0.943,-0.72,-0.645,-0.382,-0.341,-0.471,-1.144,-0.875,-0.093,-0.561,-0.836,-1.048,-1.537,-0.632,-1.034,-1.517,-1.471,0.997,0.037,-0.041,2.16,0.61,0.667,0.678,-0.669,-1.007,-1.469,-0.435,-0.597,-0.081,-0.539,0.902,0.944,-0.249,0.191,-0.515,1.01,-0.911,-0.354,-0.409,0.646,1.114,0.336,0.464,0.059,-0.146,0.152,0.49,2.8,-0.922,-0.23,0.039,0.227,-1.223,-0.819
"BE067",-1.082,-0.657,-0.725,-0.681,-0.62,-0.363,-0.466,-0.359,-0.41,-1.022,-1.151,-0.974,-0.995,-0.827,-0.91,-0.792,-1.211,-0.717,-0.441,-0.824,-0.779,-0.61,-0.558,-0.443,-0.451,-1.058,-1.52,-1.091,-0.78,-0.645,-0.382,-0.341,0.788,-1.237,-0.875,-1.809,0.481,-0.836,-0.405,0.126,-0.632,-0.335,1.228,0.186,0.585,0.744,1.649,0.932,-0.05,-0.106,0.957,-0.385,-1.007,0.031,-0.503,-1.068,-1.307,-0.539,-1.66,-1.537,-1.105,0.191,0.728,0.292,-0.577,-0.221,-0.407,0.261,-0.687,-0.884,-0.605,-0.613,-0.743,-0.389,-0.842,-0.378,-0.922,-0.739,1.285,-0.63,-1.223,-0.819
"BE068",-0.728,-0.521,-0.355,-0.637,-0.62,-0.363,-0.466,-0.294,-0.406,-1.022,-1.263,-1.156,-0.985,-0.814,-0.91,-0.792,-1.33,-0.717,-0.441,-0.824,-0.779,-0.61,-0.558,-0.443,-0.451,-1.058,-1.761,-1.091,-0.78,-0.645,-0.382,-0.341,-0.109,-1.168,-0.793,-0.784,-1.395,-0.745,-0.751,-1.537,-0.632,-1.649,-0.87,-1.471,0.794,0.153,0.448,1.095,-0.48,0.266,0.66,-0.87,-0.967,0.056,-0.525,-1.068,-1.307,-0.539,-1.66,-1.537,-1.105,0.191,-0.822,-0.089,-0.759,-0.373,-0.402,1.837,-1.05,-1.682,-1.219,-1.085,-0.611,-0.402,-1.519,0.092,-0.922,-0.083,1.908,-0.277,-1.223,-0.819
"BE069",0.583,0.687,-0.511,-0.759,-0.62,-0.363,-0.466,0.405,0.128,-1.022,-1.005,-0.667,-0.701,-0.85,-0.91,-0.792,0.251,0.187,-0.441,-0.824,-0.779,-0.61,-0.558,-0.443,-0.451,-1.058,-1.52,-1.091,-0.78,-0.645,-0.382,-0.341,0.034,-0.816,-0.875,1.357,1.397,-0.836,0.098,-1.537,-0.632,-0.765,-0.605,-1.05,-0.129,0.924,-0.997,1.395,0.94,-0.117,0.651,-0.674,-1.007,-0.707,-0.226,-0.079,0.783,-0.539,0.902,0.944,-1.105,0.191,0.454,0.975,-0.857,-0.339,-0.41,0.701,0.779,0.414,0.576,0.031,0.732,0.052,1.377,3.133,-0.922,-0.368,1.908,-0.735,-0.788,-0.819
"BE070",0.038,-0.634,-1.51,-0.885,-0.62,-0.363,-0.466,-1.246,-0.447,-0.628,-1.182,-0.473,-0.976,-0.802,-0.91,-0.792,-0.601,-0.595,-0.441,-0.633,-0.779,-0.61,-0.558,-0.443,-0.451,-1.058,-1.44,-1.091,-0.78,-0.645,-0.382,-0.341,-1.049,-1.237,-0.875,-1.239,-1.454,-0.836,-2.206,-1.537,-0.632,-0.142,-0.61,-0.637,2.02,-0.056,1.916,2.869,1.37,-0.093,0.547,-1.084,0.77,0.315,0.294,1.365,-0.179,-0.539,0.873,0.328,-1.105,0.191,-0.543,-0.146,-0.727,-0.359,-0.403,0.59,-0.831,-1.204,-0.865,-0.761,-0.549,-0.096,-0.733,-1.255,-0.922,0.124,1.285,-0.254,-1.192,-0.819
"BE071",-0.713,-0.905,-1.089,-0.788,-0.62,-0.363,-0.466,0.217,-0.726,-1.022,-1.595,-1.567,-1.081,-0.943,-0.91,-0.792,-1.33,-0.717,-0.441,-0.824,-0.779,-0.61,-0.558,-0.443,-0.451,-1.058,-1.761,-1.091,-0.78,-0.645,-0.382,-0.341,1.396,-0.736,-0.875,-0.934,-1.469,-0.836,-1.03,-0.801,-0.632,-0.998,-1.517,-1.471,1.029,0.316,0.447,1.241,0.19,0.859,1.017,-0.579,-1.007,0.02,-0.42,-1.068,-1.307,-0.539,-1.66,-1.537,-1.105,0.191,-0.621,0.092,-0.661,-0.179,-0.386,2.126,-1.023,-1.723,-1.211,-1.085,-0.861,-0.11,-1.219,-1.255,-0.922,-0.398,0.662,0.04,-1.223,-0.819
"BE072",-0.853,-0.511,0.066,-0.691,-0.62,-0.363,-0.466,0.478,-1.193,-1.022,-0.018,-1.457,-1.081,-0.943,-0.91,-0.792,-1.233,-0.717,-0.441,-0.824,-0.779,-0.61,-0.558,-0.443,-0.451,-1.058,-1.761,-1.091,-0.78,-0.645,-0.382,-0.341,1.139,-1.237,-0.875,0.858,1.011,-0.836,-2.206,-1.537,-0.632,-1.649,-0.991,-1.471,-1.208,-0.441,-0.841,-0.252,-0.38,-0.014,0.504,-1.084,-1.007,-0.769,-1.752,-0.366,-1.257,-0.539,-1.66,-1.537,-1.105,-4.007,-0.912,0.241,-0.963,-0.421,-0.416,3.743,-0.592,-1.523,-0.885,-0.453,-0.214,-0.084,-0.259,-1.255,-0.922,-0.113,0.039,-1.275,-1.223,-0.819
"BE073",0.142,0.466,1.256,-0.659,-0.62,-0.363,-0.466,0.326,0.249,-1.022,-0.58,-0.359,-0.997,-0.943,-0.91,-0.792,-1.255,-0.717,-0.441,-0.537,-0.779,-0.61,-0.558,-0.443,-0.451,-1.058,0.488,1.237,1.85,-0.645,-0.382,-0.341,-0.728,-0.988,-0.875,-0.737,-1.07,-0.836,-0.897,-1.537,-0.018,-1.649,-1.517,-1.471,0.176,-1.407,-1.321,0.69,-0.27,0.661,0.969,0.013,1.824,-0.469,-0.378,-0.065,-1.215,-0.539,-1.66,-1.537,-1.105,-4.007,-0.06,0.191,-0.873,-0.348,-0.388,-0.028,-0.716,-0.55,-0.839,-0.659,-0.446,-0.288,-0.596,-1.255,-0.922,-0.275,-0.584,-1.674,0.613,-0.819
"BE074",-0.117,-0.129,1.1,-0.885,-0.62,-0.363,-0.466,-0.417,-0.002,-1.022,-0.212,-1.194,-1.081,-0.943,-0.91,-0.792,-1.33,-0.717,-0.441,-0.824,-0.779,-0.61,-0.558,-0.443,-0.451,-1.058,-1.601,-1.091,-0.78,-0.645,-0.382,-0.341,-0.545,-1.237,-0.875,-2.182,-1.551,-0.836,-2.206,-1.537,-0.632,-0.791,-1.162,-1.471,2.743,-0.184,0.615,-0.09,2.31,0.449,0.928,-1.084,-1.007,-1.469,-0.554,1.461,-1.307,-0.539,-1.66,-1.537,-1.105,-4.007,-0.978,0.005,-0.984,-0.467,-0.407,0.202,0.347,-0.415,-0.303,0.034,-0.709,-0.372,-0.987,0.125,1.078,-0.056,0.039,-2.32,-1.223,-0.819
"BE075",-0.598,-0.137,-1.51,-0.691,-0.62,-0.363,-0.44,-1.833,-0.168,1.528,-0.145,-0.552,-0.117,-0.824,-0.036,0.018,-1.33,-0.717,-0.441,0.519,-0.004,1.693,0.764,2.708,1.232,0.83,0.689,0.642,-0.421,-0.645,-0.382,-0.341,-0.06,-1.237,-0.875,-1.65,-0.942,-0.836,-0.444,-1.537,-0.632,1.971,1.756,2.824,1.028,0.092,-0.025,-0.047,0.29,-0.058,0.5,-0.689,-1.007,-0.598,-0.595,-0.194,0.716,-0.539,0.902,0.944,1.498,0.191,0.596,0.184,-0.38,-0.19,-0.385,0.299,-0.411,0.879,-0.474,-0.547,-1.099,-0.251,-1.368,-1.255,1.078,0.152,0.039,-0.911,-1.223,-0.819
"BE076",0.27,-0.432,-1.51,-0.885,-0.62,-0.363,-0.466,-0.528,0.065,-1.022,-1.575,-1.012,-0.965,-0.838,-0.776,-0.792,-1.33,-0.717,-0.441,-0.824,-0.779,-0.61,-0.558,-0.443,-0.451,-0.182,0.89,1.633,1.97,-0.645,-0.382,-0.341,-0.832,-0.667,-0.875,-1.623,-1.018,-0.656,-0.734,-0.917,-0.632,-0.249,0.154,-0.499,0.71,-0.459,0.128,0.49,-0.05,-0.084,0.468,-0.004,-1.007,-0.542,-0.629,-0.139,-1.307,-0.539,-1.66,-1.537,-1.105,0.191,2.083,0.457,-0.299,0.061,-0.288,0.921,-0.267,1.172,0.514,0.098,-0.638,-0.361,-0.293,-1.255,-0.922,-0.691,-0.584,-0.5,0.177,-0.819
"BE077",0.799,1.588,1.451,-0.626,-0.62,-0.363,-0.466,-0.076,0.893,-1.022,-1.631,-0.842,-1.081,-0.943,-0.91,-0.792,-1.245,-0.717,-0.441,-0.824,-0.779,-0.61,-0.558,-0.443,-0.451,-1.058,0.689,1.633,2.209,-0.645,-0.382,-0.341,-0.976,-1.237,-0.875,-0.606,-0.165,-0.771,1.089,-1.537,-0.632,0.094,0.745,-0.019,1.306,0.069,-0.376,0.982,3.18,0.336,0.785,-0.581,0.631,0.298,-0.957,1.295,0.751,-0.539,0.902,0.944,0.196,0.191,2.135,0.752,-0.707,-0.147,-0.388,0.363,-0.51,0.837,-0.315,-0.278,-0.266,-0.063,-0.336,-1.255,1.078,0.002,-0.584,0.145,-1.223,-0.819
"BE078",0.243,0.131,-0.492,-0.885,-0.62,-0.363,0.264,0.168,-0.153,-1.022,-0.954,-1.205,-1.081,-0.943,-0.91,-0.792,-1.33,-0.717,-0.441,-0.824,-0.779,-0.61,-0.558,-0.443,-0.451,-1.058,1.493,0.791,-0.361,-0.645,-0.382,-0.341,0.478,-1.067,-0.875,-0.869,-1.431,-0.836,1.089,-0.836,-0.632,-0.198,0.752,-0.378,-0.931,0.63,-0.576,-0.35,-0.09,-0.069,0.598,0.448,-1.007,-0.808,-0.194,-0.264,0.069,-0.539,0.531,-1.245,-1.105,0.191,0.228,0.176,-0.686,-0.134,-0.394,0.456,-0.277,0.987,-0.024,-0.085,-0.366,-0.21,-0.84,-0.484,1.078,-0.215,0.039,-0.982,-1.223,-0.819
"BE079",0.203,-0.068,0.805,-0.748,-0.62,-0.363,-0.466,0.531,0.123,1.528,-0.139,-0.516,-0.081,-0.679,-0.318,-0.232,0.536,-0.076,-0.441,-0.537,-0.779,-0.61,-0.558,-0.443,-0.451,-1.058,-1.52,-1.091,-0.78,-0.645,-0.382,-0.341,-0.14,-1.237,-0.875,-2.182,-0.293,-0.836,-2.206,-1.537,-0.632,-0.781,0.963,-0.092,0.529,0.762,-0.247,0.857,0.28,0.18,0.79,0.397,-1.007,-0.415,-0.148,0.135,1.583,-0.539,0.902,0.944,0.847,0.191,3.047,1.791,-0.348,-0.02,-0.373,0.936,0.626,1.426,0.373,-0.502,-0.71,0.983,2.126,-1.255,-0.922,0.632,0.039,-1.005,0.053,-0.819
"BE080",-0.753,-0.608,-0.183,2.638,2.49,0.286,0.819,-0.233,-0.888,-0.312,-0.74,-0.57,-0.436,-0.273,-0.72,-0.621,0.586,-0.655,-0.441,-0.824,-0.779,-0.61,-0.558,-0.443,-0.451,-1.058,0.81,0.692,0.954,-0.645,-0.382,-0.341,1.381,0.281,1.761,0.812,0.756,2.491,0.209,0.962,0.623,0.7,0.755,0.885,-0.743,0.245,-0.507,-0.454,-0.7,-0.039,0.63,1.088,-0.262,-0.809,-0.178,-0.706,-0.295,-0.539,-0.454,-0.166,-0.678,0.191,-0.241,1.07,0.963,1.392,1.32,0.282,-0.164,0.597,0.366,0.242,-0.411,0.094,-0.086,-1.255,1.078,-0.623,-0.584,0.826,-1.223,-0.819
"BE081",0.584,0.895,1.162,-0.6,-0.62,-0.363,-0.466,-0.374,-0.304,-1.022,-0.534,-0.71,-0.608,-0.824,-0.759,-0.558,-1.33,-0.717,-0.441,-0.824,-0.779,-0.61,-0.558,-0.443,-0.451,-1.058,1.051,1.93,2.388,-0.645,-0.382,-0.341,0.347,-0.993,-0.875,0.452,-0.612,-0.253,0.715,-0.402,-0.632,-1.097,-1.517,-1.471,0.109,0.164,0.264,0.075,-0.27,0.503,1.001,-0.552,-1.007,-0.594,-0.715,-0.19,1.215,-0.539,0.902,0.944,1.178,0.191,1.577,0.694,0.08,0.352,-0.266,0.736,0.192,0.946,0.067,-0.275,-0.803,-0.053,-0.26,0.214,1.078,-0.533,-0.584,-0.794,0.489,-0.819
"BE082",-0.529,-0.501,-0.403,-0.609,-0.62,-0.363,-0.466,0.16,0.182,-1.022,-0.745,-1.118,-0.979,-0.943,-0.737,-0.699,-1.33,-0.717,-0.441,-0.824,-0.779,-0.61,-0.558,-0.443,-0.451,-1.058,-1.641,-1.091,-0.78,-0.645,-0.382,-0.341,0.275,-1.237,-0.875,-1.344,-1.473,-0.836,-1.182,-1.537,-0.632,-1.069,-1.19,-0.901,0.553,0.642,0.811,0.757,-0.19,0.849,0.959,-1.084,-1.007,-1.469,-0.633,-1.068,-1.307,-0.539,-1.66,-1.537,-1.105,0.191,0.613,0.269,-0.675,-0.132,-0.374,2.16,-0.8,-1.03,-0.951,-0.741,0.378,-0.353,-0.643,-0.149,-0.922,-0.487,1.908,-0.324,-1.223,-0.819
"BE083",-0.68,0.779,3.822,0.23,-0.245,-0.363,1.818,1.551,-0.03,-0.931,0.15,0.187,0.635,0.02,1.967,1.586,1.103,-0.586,-0.441,2.053,2.864,0.606,1.058,-0.138,0.751,-1.058,0.609,-0.844,-0.78,-0.645,-0.382,-0.341,-0.356,-0.049,0.357,0.055,0.863,1.593,-0.471,-0.156,-0.525,0.568,0.929,1.086,2.182,0.954,0.19,1.295,-0.01,0.629,1.017,1.894,1.314,-0.636,-0.493,1.338,-1.194,-0.539,-1.172,-1.264,0.182,0.191,0.173,0.98,0.535,-0.019,-0.342,0.353,0.499,0.533,0.568,0.805,0.6,-0.075,1.055,-1.255,1.078,-0.444,-0.584,1.237,0.209,0.993
"BE084",-0.67,0.477,1.886,-0.015,-0.258,-0.363,1.147,-1.284,-0.563,-1.022,-0.21,-0.296,-0.018,-0.359,1.227,0.993,0.647,-0.717,-0.441,0.519,2.787,-0.162,0.47,-0.138,0.27,-0.921,0.207,-1.091,-0.78,-0.645,-0.382,-0.341,0.032,-0.006,0.003,0.361,0.679,1.097,-0.776,-1.537,-0.039,0.68,1.246,1.304,0.758,0.954,-0.005,0.728,-0.03,0.142,0.89,-0.282,0.891,-0.636,-0.831,1.015,-1.21,-0.539,-1.202,-1.264,-0.724,0.191,0.726,1.697,0.98,0.441,-0.191,1.205,1.104,1.374,1.577,0.928,0.399,0.201,1.336,1.003,1.078,-0.533,-0.584,1.343,0.333,1.308
"BE085",-0.078,-0.037,-0.447,0.456,1.153,0.592,-0.006,-0.565,-0.247,0.45,-0.48,-0.375,0.273,0.058,0.528,0.276,-0.277,-0.717,-0.441,-0.824,-0.469,-0.61,-0.558,-0.443,-0.451,-1.058,0.408,-0.943,-0.78,-0.523,-0.382,-0.341,-0.879,-0.499,-0.547,-1.331,-0.422,-0.443,-0.968,-1.086,-0.632,1.479,1.356,1.134,-0.029,0.954,0.244,-0.018,-0.71,-1.125,-1.478,0.33,2.184,1.396,1.171,1.009,1.879,1.6,0.902,0.944,1.498,0.191,-0.201,2.166,1.101,1.044,0.082,1.375,1.308,1.541,2.145,1.35,0.277,0.326,1.535,0.562,1.078,-0.568,-0.584,-0.054,-0.476,0.336
"BE086",0.609,0.393,-1.147,3.106,4.564,5.869,-0.466,-0.133,-0.183,1.528,-1.505,-1.111,-0.188,0.217,0.362,0.824,-1.208,-0.717,-0.441,-0.824,-0.779,-0.61,-0.558,-0.443,-0.451,-0.538,2.055,2.673,3.165,-0.232,-0.382,-0.341,1.083,0.74,1.408,0.196,-1.485,-0.836,0.038,1.25,0.087,-1.649,-1.517,-1.471,-1.954,-3.114,0.594,-0.317,-1.63,0.408,-1.478,-0.145,-1.007,-0.344,-0.356,-1.068,1.879,-0.539,0.902,0.944,1.058,0.191,-0.651,0.536,-0.069,-0.102,-0.355,0.07,-0.756,-0.564,-0.718,-0.25,0.738,0.088,-0.226,0.718,1.078,-0.286,1.285,0.345,-1.223,-0.819
"BE087",0.76,1.449,-0.6,-0.532,-0.208,-0.363,-0.466,0.483,0.324,-1.022,-0.057,0.517,-0.973,-0.798,-0.91,-0.792,-1.246,-0.717,-0.441,-0.728,-0.779,-0.482,-0.558,-0.443,-0.451,-1.058,0.448,1.98,1.551,-0.645,-0.382,-0.341,-2.811,-1.237,-0.875,-2.182,-1.551,-0.836,-2.054,-1.537,-0.531,-1.649,-1.517,-1.471,-1.954,-3.114,-0.975,-0.985,-0.02,0.375,1.017,0.041,-1.007,-0.61,-0.749,-0.206,-0.259,-0.539,-0.659,-1.537,-1.105,0.191,-0.342,-0.164,-0.853,-0.259,-0.37,0.462,-0.722,-0.92,-0.808,-0.659,-0.484,-0.218,-0.655,-1.255,1.078,-0.251,-0.584,-1.146,-1.223,-0.819
"BE088",-0.229,-0.522,-0.857,0.793,-0.164,-0.363,1.252,-0.388,-0.862,-1.022,0.067,0.077,0.624,0.57,1.454,1.936,-1.33,-0.717,-0.441,-0.201,-0.779,-0.29,-0.558,-0.443,-0.451,-1.058,1.212,1.286,1.073,0.21,-0.382,-0.341,-2.811,-1.237,-0.875,-2.182,-1.551,-0.836,-2.206,-1.537,-0.632,-0.578,0.964,-0.562,0.45,0.817,1.415,1.153,0.02,-0.565,0.426,4.134,4.818,4.106,3.286,-0.145,-1.307,-0.539,-1.66,-1.537,-1.105,0.191,2.036,0.4,-0.828,-0.12,-0.345,0.444,-0.845,-0.872,-0.717,0.045,1.794,0.089,-0.106,-0.335,-0.922,0.146,0.662,-1.287,-1.223,-0.819
"BE089",-0.285,-0.448,0.19,0.528,0.987,-0.363,-0.466,-1.058,-1.254,-1.022,-0.626,-0.489,-0.175,-0.108,0.392,0.473,-1.221,-0.717,-0.441,0.662,-0.779,-0.162,-0.558,-0.24,-0.451,-1.003,0.93,1.286,-0.122,-0.645,-0.382,-0.341,-1.629,-1.237,-0.875,-2.182,-1.551,-0.836,-2.206,-1.537,-0.632,-0.265,1.191,0.159,0.854,0.954,0.345,0.301,-0.38,-0.057,0.357,0.421,2.271,2.843,2.254,-0.536,-1.307,-0.539,-1.66,-1.537,-1.105,0.191,2.316,0.463,-0.788,-0.129,-0.225,0.692,-0.587,-0.198,-0.187,0.88,2.184,0.149,0.258,1.001,-0.922,-0.166,0.039,-1.087,-1.223,-0.819
"BE090",0.331,0.108,0.327,-0.77,-0.62,-0.363,-0.466,0.321,0.041,-1.022,-0.346,-0.914,-0.976,-0.802,-0.722,-0.696,-0.469,-0.717,-0.441,-0.489,-0.779,-0.61,-0.558,-0.443,-0.451,0.31,2.256,0.692,0.894,-0.645,-0.382,-0.341,0.27,-1.176,-0.875,-0.388,-0.037,-0.836,1.057,-0.172,-0.632,-1.649,-1.291,-1.294,0.361,0.18,-0.218,0.698,0.14,0.859,-1.478,-0.447,-1.007,-0.217,-0.718,0.188,0.468,-0.539,-0.832,-1.537,-1.105,0.191,-0.601,0.397,-0.889,-0.383,-0.346,0.09,-0.04,-0.453,-0.676,-0.556,-0.426,0.002,-1.015,-1.255,-0.922,0.179,1.908,-0.254,-0.476,-0.609
"BE091",-0.697,-0.586,0.577,1.485,1.919,-0.363,0.482,-0.258,-0.664,1.528,-0.324,0.154,0.402,0.586,1.037,1.44,-0.255,-0.717,-0.441,-0.824,-0.624,-0.61,-0.558,-0.443,-0.451,-0.839,0.649,0.296,0.655,-0.645,-0.382,-0.341,0.573,0.355,0.667,1.357,1.4,0.662,0.436,-0.633,-0.632,-0.536,-0.706,-0.232,-1.275,0.123,-0.694,-0.947,-1.43,0.859,1.017,2.279,-1.007,0.123,-1.038,-1.068,1.017,-0.232,0.902,0.944,0.804,0.191,0.446,0.765,0.517,0.733,0.102,0.52,-0.198,-0.007,0.392,1.116,0.848,0.002,0.312,0.089,1.078,-0.387,2.531,0.497,-0.788,0.31
"BE092",-0.625,-0.377,0.965,0.216,0.521,0.313,-0.098,-0.859,-0.786,1.528,-0.369,-0.284,0.078,0.643,1.004,1.531,0.658,0.288,-0.441,0.567,-0.159,0.414,-0.558,-0.443,-0.451,1.624,-0.034,0.345,0.416,-0.535,-0.382,-0.341,0.473,1.109,1.406,0.178,0.254,1.403,0.309,-0.488,0.49,0.624,0.877,0.25,-0.651,-0.036,0.555,-0.169,-0.23,0.526,1.017,0.264,-0.259,1.757,1.307,1.283,0.437,-0.286,0.902,0.944,1.498,0.191,0.697,1.005,0.395,0.284,-0.267,0.677,0.405,1.177,0.532,0.198,-0.378,-0.031,0.152,-1.069,1.078,-0.699,-0.584,0.767,1.111,1.807
"BE093",-2.288,-2.571,-1.294,-0.885,-0.62,-0.363,-0.466,-0.463,-0.749,-1.022,-0.897,-0.841,-0.94,-0.874,-0.822,-0.792,-1.33,-0.717,-0.441,-0.824,-0.779,-0.61,-0.558,-0.443,-0.451,0.611,-1.761,-1.091,-0.78,-0.645,-0.382,-0.341,-1.467,-1.237,-0.875,-2.182,-1.551,-0.836,-2.206,-1.537,-0.496,-1.106,-1.01,-1.471,-0.304,0.621,0.148,0.229,0.08,0.613,0.827,-0.855,-0.308,-0.407,-1.016,-1.068,-1.27,-0.539,-1.66,-1.537,-1.105,-4.007,-0.228,0.648,-0.616,-0.234,-0.394,0.729,2.992,1.657,1.848,1.195,1.615,-0.137,0.432,1.34,1.078,-0.546,-0.584,-1.017,-1.223,-0.819
"BE094",-0.404,-0.743,-0.483,-0.885,-0.62,-0.363,-0.466,-0.612,-0.606,-0.802,-0.581,-0.958,-0.974,-0.872,-0.377,-0.611,0.019,-0.717,-0.441,-0.728,-0.779,-0.482,-0.558,-0.443,-0.451,0.119,0.85,0.543,0.655,-0.645,-0.382,-0.341,-2.444,-1.237,-0.875,-1.032,-1.032,-0.836,-1.453,-1.344,-0.632,-0.571,0.144,-0.123,0.293,0.73,-0.216,0.17,0.03,0.859,1.017,-0.388,0.18,-0.71,-0.315,0.242,-0.545,-0.539,-0.798,-1.011,-1.105,0.191,-0.395,0.904,-0.756,-0.305,-0.413,0.776,1.624,1.268,0.494,-0.282,-0.933,0.143,-0.359,-1.076,-0.922,-0.163,1.285,-0.935,0.177,-0.819
"BE098",0.514,0.571,-1.51,-0.885,-0.62,-0.363,-0.466,0.365,0.842,-1.022,0.165,-0.492,-1.009,-0.847,-0.788,-0.66,-1.22,-0.717,-0.441,-0.824,-0.779,-0.61,-0.558,-0.443,-0.451,-0.839,-1.761,-1.091,-0.78,-0.645,-0.382,-0.341,-2.644,-1.169,-0.875,0.313,-0.795,-0.836,-0.679,0.769,-0.299,-1.649,-0.463,-1.471,-0.494,0.275,-0.626,-1.503,-0.12,-0.837,0.086,-0.905,-1.007,-1.06,-1.1,-1.068,-1.307,-0.539,-1.66,-1.537,-1.105,0.191,1.011,0.917,-0.646,0.03,-0.383,0.269,0.034,0.023,-0.162,-0.325,0.142,-0.122,0.276,-1.072,-0.922,-0.307,0.662,-0.512,-1.223,-0.819
"BE099",NaN,NaN,NaN,NaN,NaN,NaN,-0.466,2.615,2.71,-0.612,0.236,-0.04,-0.745,-0.943,-0.91,-0.792,-1.167,-0.717,-0.441,-0.824,-0.779,-0.61,-0.558,-0.443,-0.451,-1.058,0.247,-0.646,-0.242,-0.645,-0.382,-0.341,-2.584,-1.164,-0.875,0.676,0.582,-0.836,-0.249,-0.168,-0.632,-1.649,0.044,-1.471,0.318,0.694,-0.714,0.056,0.19,0.021,0.607,0.368,0.344,-0.779,-1.096,-0.376,1.879,-0.539,0.83,0.944,-0.522,0.191,0.34,0.599,-0.78,-0.316,-0.401,0.336,-0.016,-0.403,-0.724,-0.634,-0.662,0.264,-0.498,-1.053,-0.922,-0.055,2.531,-0.16,0.644,-0.819
"BE100",NaN,NaN,NaN,NaN,NaN,NaN,-0.466,1.958,2.78,-1.022,1.824,2.198,1.289,0.736,-0.642,-0.504,0.431,-0.624,-0.441,-0.824,-0.779,-0.61,-0.558,-0.443,-0.451,-1.058,-1.641,-0.794,-0.6,-0.645,-0.382,-0.341,-2.811,-1.237,-0.875,-2.182,-1.551,-0.836,-2.206,-1.537,-0.632,-1.649,0.044,-1.471,-0.391,0.694,-0.724,-0.022,0.09,0.456,0.308,0.362,0.075,-0.943,0.948,1.93,1.879,-0.539,0.902,0.944,-0.77,0.191,-0.308,0.915,-0.734,-0.115,-0.378,0.563,0.266,0.566,0.675,-0.329,-0.817,0.072,0.705,-0.893,-0.922,-0.375,0.662,-1.111,-1.223,-0.819
"BE101",-1.453,-1.56,-1.364,1.449,1.42,0.128,-0.466,1.09,0.922,-0.92,-0.465,0.04,-1.081,-0.943,-0.91,-0.792,-0.435,-0.65,-0.441,-0.824,-0.779,-0.61,-0.558,-0.443,-0.451,0.31,-1.48,-0.893,-0.78,-0.645,-0.382,-0.341,-0.066,-0.136,-0.875,1.106,0.932,-0.836,-0.155,-0.814,-0.632,0.076,0.655,0.171,0.204,0.649,1.008,-1.891,0.88,0.278,0.133,1.696,-0.053,-0.982,-1.184,-0.338,0.955,-0.539,-0.126,-0.614,-0.879,0.191,NaN,NaN,NaN,NaN,NaN,NaN,NaN,NaN,NaN,NaN,NaN,NaN,NaN,NaN,-0.922,NaN,1.285,-1.111,-0.694,-0.819
"BE102",-0.633,-0.759,-1.219,-0.69,-0.62,-0.363,5.355,1.367,1.449,0.699,1.202,1.091,0.579,0.619,-0.189,-0.502,0.558,-0.677,-0.441,-0.345,-0.004,-0.61,-0.558,-0.443,-0.451,0.995,-0.717,-0.299,-0.66,0.419,2.376,2.888,0.98,0.776,1.04,0.654,1.593,0.968,0.806,-0.203,-0.632,-0.987,-0.679,-0.7,-0.738,0.023,-1.004,-0.799,-0.52,-0.147,0.218,3.236,1.289,0.241,-0.164,0.935,1.416,1.211,0.902,-0.535,1.159,0.191,-0.826,0.956,0.968,0.945,0.322,0.839,1.034,0.703,1.056,0.923,0.818,0.342,0.518,2.223,-0.922,-0.569,-0.584,0.298,0.489,1.15
"BI001",-0.251,-0.158,-0.056,1.558,1.077,2.791,-0.466,-0.742,-0.652,1.528,0.27,0.409,0.733,0.807,0.504,-0.386,0.906,1.641,0.835,0.039,0.616,-0.354,0.323,-0.443,-0.451,1.159,0.77,-0.051,0.177,2.258,3.571,4.241,1.147,1.384,0.104,0.91,0.856,1.534,0.438,1.111,1.225,1.713,1.665,1.765,-0.752,-0.62,-0.558,-0.648,-0.54,0.173,-1.478,0.133,-0.541,1.166,0.85,0.952,1.486,3.513,0.902,0.944,1.498,4.389,-1.353,0.159,0.177,-0.269,-0.269,-0.929,0.806,-0.459,-0.045,0.285,0.016,-0.729,-0.573,0.173,1.078,-0.542,-0.584,1.706,1.454,1.807
"BI002",0.005,0.195,0.632,0.11,-0.62,-0.363,2.149,-0.554,-0.722,0.871,-0.228,0.142,-0.084,-0.035,-0.531,-0.792,1.044,1.125,-0.293,1.909,1.314,2.269,2.232,2.708,3.397,1.679,1.011,1.732,1.193,-0.533,-0.382,-0.341,0.266,0.107,0.539,-0.099,-0.266,-0.091,0.574,0.459,-0.632,1.507,2.284,1.639,-0.152,0.655,-0.937,-0.507,-0.52,0.538,-1.478,1.37,1.509,1.079,1.277,1.443,0.062,0.505,-0.264,0.903,0.039,0.191,-1.321,-1.293,0.291,0.025,-0.299,-0.929,-0.728,-0.986,0.112,-0.29,-0.447,-0.479,-0.083,-0.356,1.078,-0.413,-0.584,-0.137,1.516,1.807
"BI003",0.005,0.195,0.632,0.382,0.845,0.175,0.741,-0.68,-0.722,1.528,0.244,0.433,1.089,1.617,1.816,1.866,0.203,0.364,-0.39,0.806,1.159,0.734,1.645,-0.138,0.992,-0.155,0.77,-0.299,-0.003,2.464,4.855,4.935,0.278,0.729,0.91,0.434,0.62,1.714,0.209,0.7,0.949,1.674,2.403,1.843,-1.32,0.615,-0.967,-0.64,-0.73,0.506,-1.478,0.979,-0.586,0.476,0.667,0.234,1.879,1.391,0.902,0.944,1.498,0.191,-0.527,-1.293,0.22,0.157,-0.25,-0.929,0.047,-0.523,-0.594,-0.198,-0.372,-0.536,-0.734,0.111,1.078,-0.523,-0.584,2.023,1.423,1.807
"BI004",0.46,-0.291,-0.129,0.282,0.589,-0.363,4.216,-0.182,-0.232,1.528,0.216,0.373,1.007,1.434,1.407,1.412,0.364,0.737,-0.146,1.382,2.012,0.606,2.232,0.269,0.03,0.31,1.453,0.395,0.535,2.326,4.441,5.231,0.651,0.183,1.336,1.157,0.722,1.182,-0.383,0.951,0.635,2.182,2.674,2.072,-1.04,0.824,-0.773,-0.828,-0.47,0.446,-1.478,1.495,-0.592,1.032,0.768,1.534,1.879,2.006,0.902,0.944,1.498,0.191,-1.085,0.371,0.466,0.386,-0.29,-0.929,0.203,-0.743,-0.511,-0.186,-0.484,-0.696,-0.783,0.082,1.078,-0.514,-0.584,1.765,0.893,1.807
"BI005",-0.907,-1.226,-0.928,-0.496,-0.62,-0.363,1.126,0.161,0.329,0.953,-1.114,-0.889,-0.545,-0.401,-0.91,-0.792,0.816,1.701,1.336,2.149,1.546,3.036,2.967,4.334,2.194,1.679,1.453,2.574,2.926,-0.118,-0.382,-0.341,-0.533,-0.6,1.246,-0.9,-1.551,-0.836,1.089,1.375,1.66,1.746,2.891,1.466,0.155,0.954,-0.236,0.203,-0.33,-0.705,-1.478,2.247,-0.096,1.694,2.197,1.937,0.442,-0.308,0.32,0.334,0.176,0.191,-1.323,-1.293,0.363,0.572,-0.292,-0.929,-1.316,-1.512,-0.837,-0.519,-0.371,-0.438,0.216,-0.304,1.078,0.208,-0.584,1.096,0.676,1.807
"BR001",0.009,0.374,0.829,1.352,1.269,0.128,0.462,-0.628,-0.792,0.06,-0.358,-0.302,-0.187,-0.121,-0.497,-0.692,-0.074,-0.717,-0.441,0.902,-0.547,-0.418,-0.558,-0.341,-0.451,0.31,0.408,-0.497,-0.72,0.531,-0.021,0.095,0.903,1.148,1.366,1.134,0.419,1.308,0.948,1.037,1.814,1.433,0.361,1.621,-0.43,0.881,-0.786,-0.697,-0.39,0.093,0.688,0.125,-0.453,0.056,-0.218,0.4,0.298,2.491,0.591,0.944,0.314,0.191,-0.345,-1.293,-0.26,-1.675,-0.205,-0.929,1.182,0.773,0.577,0.817,0.621,0.271,0.558,0.482,1.078,-0.065,-0.584,-0.183,1.018,0.33
"BR002",-3.64,-2.829,-1.51,0.525,0.513,-0.363,-0.466,-0.685,-1.352,0.569,0.491,0.594,0.323,0.736,-0.606,-0.619,-0.106,-0.717,-0.441,0.231,0.306,0.03,-0.117,-0.341,-0.211,-0.729,-0.195,-0.299,-0.6,-0.372,-0.382,-0.341,0.234,0.933,0.791,0.335,0.277,1.132,0.819,0.749,2.13,1.606,-0.713,1.618,-0.199,0.911,-0.94,-0.804,-0.32,0.239,0.849,0.294,0.321,-0.223,-0.484,-0.138,-0.406,-0.357,-0.336,-0.294,0.408,0.191,0.41,-1.293,-0.372,-1.699,-0.301,0.83,2.01,1.072,1.163,0.769,0.071,-0.061,0.561,0.508,1.078,-0.232,-0.584,-0.307,0.271,0.822
"BR003",-3.64,-2.829,-1.51,1.304,0.589,0.128,-0.466,-0.844,-0.722,-0.873,0.787,0.369,0.492,0.865,0.231,-0.141,-0.183,-0.717,-0.441,-0.057,-0.159,-0.354,-0.117,-0.443,-0.451,-0.182,-0.275,-1.042,-0.72,2.918,3.02,3.248,0.98,1.24,1.148,0.741,0.323,0.16,0.485,0.822,2.317,1.396,-0.614,1.407,-0.504,0.738,-0.911,-0.935,-0.33,0.304,0.34,-0.258,-0.007,0.286,0.068,1.505,-0.621,0.16,-0.401,-0.289,0.551,0.191,-0.918,-1.293,-0.854,-1.944,-0.311,-0.929,-1.128,-1.397,-1.254,-1.085,-0.539,-0.612,-0.938,-0.313,1.078,0.351,-0.584,-0.412,0.644,0.986
"BR004",-3.64,-2.829,-1.51,-0.155,-0.091,-0.363,0.4,-0.708,-0.652,1.528,-0.14,-0.228,0.236,0.451,-0.05,0.054,-0.4,-0.717,-0.441,0.471,0.461,-0.418,-0.117,-0.443,-0.451,-0.729,0.609,0.642,0.057,0.489,-0.068,-0.057,0.535,1.083,1.396,0.442,0.025,0.931,1.013,0.979,2.711,1.501,-0.29,1.494,-0.821,0.636,-0.888,-0.769,-0.33,-0.559,0.213,0.327,-0.396,0.296,0.423,1.134,0.365,0.682,0.902,0.944,1.227,0.191,-0.699,0.045,1.106,-0.896,0.358,0.177,0.572,0.08,-0.067,-0.279,-0.773,-0.502,-0.577,0.214,1.078,-0.449,-0.584,-0.272,0.769,0.822
"LA001",-0.633,-0.158,0.235,-0.496,-0.62,-0.363,2.336,1.021,1.589,0.367,-0.658,-0.591,-0.432,-0.475,-0.768,-0.792,0.49,-0.717,-0.441,0.567,1.081,0.478,0.03,0.065,-0.451,1.679,0.488,0.642,-0.242,1.396,0.253,0.234,-0.403,0.53,1.117,-0.083,-0.153,0.248,0.65,1.018,1.143,1.87,2.048,1.658,0.218,-0.852,-0.437,-0.18,-0.51,0.859,-1.478,0.998,-0.065,-0.828,0.523,-1.068,0.499,-0.22,0.384,0.424,0.884,0.191,1.043,1.06,1.031,1.032,-0.034,-0.929,-0.164,0.337,0.481,0.343,0.395,4.894,5.1,1.092,-0.922,-0.116,-0.584,-1.169,1.111,1.807
"LA002",0.381,0.823,1.986,1.852,3.316,0.861,-0.466,1.319,1.996,1.223,0.717,1.228,-0.484,-0.66,-0.91,-0.792,1.092,0.8,-0.441,1.67,1.314,1.949,0.47,0.472,0.751,1.131,0.247,0.246,-0.003,1.597,-0.382,-0.341,-1.203,-1.197,-0.875,1.357,1.774,-0.045,0.213,0.137,-0.302,0.545,-1.517,0.555,-0.692,-1.075,0.933,1.063,-1.63,-3.688,-1.478,-0.884,-1.007,-0.738,-0.956,-1.068,1.026,-0.539,0.902,0.753,-1.105,-4.007,-1.711,-1.293,-0.111,-0.959,0.727,-0.929,-1.425,-1.724,-1.26,-1.085,-0.878,-1.546,-1.456,-0.737,1.078,-0.611,-0.584,0.122,1.267,1.807
"SA001",-0.907,-0.758,0.146,0.817,0.797,0.007,-0.466,-0.786,-0.719,-0.323,0.661,0.661,1.094,1.454,1.496,1.952,-0.604,-0.717,-0.441,-0.633,-0.237,-0.546,-0.558,-0.443,-0.451,0.995,0.89,0.048,0.117,-0.408,-0.382,-0.341,-0.088,0.272,-0.875,-0.248,-0.648,-0.836,-0.173,0.645,0.247,1.375,0.434,1.442,-0.93,-0.149,0.268,-0.004,-0.9,0.723,0.782,0.063,-0.245,0.711,0.526,-0.582,-0.798,-0.305,0.017,-0.626,-0.364,0.191,0.029,1.0,0.917,-0.885,0.025,-0.929,-0.076,-0.136,-0.127,0.111,-0.129,-0.182,-0.881,-0.242,-0.922,-0.451,-0.584,1.695,0.831,1.15
"SA002",NaN,NaN,NaN,NaN,NaN,NaN,-0.466,-0.952,-0.932,-0.843,1.505,1.014,0.605,0.655,0.426,-0.186,0.007,0.187,-0.441,-0.633,-0.624,-0.098,-0.558,-0.138,-0.451,-1.058,-0.034,-1.091,-0.78,-0.024,-0.382,-0.341,-0.24,-0.089,-0.875,-0.381,-0.937,-0.836,-0.227,-0.036,-0.632,1.67,1.228,1.703,-0.791,-1.663,-0.76,-0.951,-0.5,0.115,-0.168,0.902,0.344,0.46,0.312,0.851,-1.055,-0.376,-1.398,-0.743,-1.021,0.191,-0.364,-1.293,-0.497,-0.355,0.033,-0.929,1.463,0.507,0.565,1.932,3.604,2.4,1.796,0.926,1.078,0.233,1.908,-1.751,-1.223,-0.819
"SA003",-0.852,-0.692,-0.638,0.428,0.136,-0.363,-0.466,-0.63,-0.633,-1.022,0.409,0.375,1.283,1.283,1.133,-0.434,-1.33,-0.717,-0.441,-0.393,-0.082,-0.61,-0.558,-0.443,-0.451,-0.647,1.332,0.097,-0.6,-0.309,-0.382,-0.341,0.355,0.22,-0.875,0.983,0.324,-0.338,0.403,0.004,-0.632,0.88,1.958,0.802,-0.308,0.954,-0.343,-0.753,-0.53,-0.212,0.548,0.495,-0.552,1.631,0.573,-0.803,-1.307,-0.539,-1.66,-1.537,-1.105,0.191,-0.454,1.449,2.735,-0.861,0.644,-0.929,1.269,0.803,1.012,3.755,3.725,3.108,1.453,0.724,-0.922,0.214,-0.584,0.873,1.641,0.33
"SA004",-1.118,-1.159,-1.146,0.72,0.664,0.374,2.988,-0.439,-0.792,-0.196,1.824,1.955,1.994,2.454,2.098,1.486,-0.867,-0.717,-0.441,0.279,0.694,-0.482,-0.558,-0.341,-0.451,-0.538,1.011,-0.992,-0.66,0.008,-0.382,-0.341,-1.403,-1.202,-0.875,0.374,-0.361,-0.836,-0.096,-0.019,-0.6,1.781,1.213,1.724,-0.764,-1.401,-0.781,-0.804,-0.67,0.783,-0.508,0.384,-0.447,0.633,0.959,-0.565,-0.578,0.241,-0.578,0.143,0.237,0.191,-0.251,0.576,-0.368,-1.07,0.017,-0.929,-0.641,-0.694,-0.83,-0.147,-0.209,-0.376,-0.895,-0.314,-0.922,-0.309,-0.584,0.685,-0.258,1.315
"SA005",0.231,0.123,0.515,0.382,0.438,-0.363,0.515,-0.525,-0.792,-0.148,1.824,2.266,2.906,3.01,2.614,1.367,-0.883,-0.717,-0.441,0.758,1.159,0.414,1.058,-0.036,0.03,1.049,0.529,-1.042,-0.72,-0.645,-0.382,-0.341,0.134,0.541,-0.31,0.97,0.21,0.048,0.846,0.824,-0.632,1.49,1.325,1.555,-0.6,0.741,-0.751,-0.776,-0.63,0.794,0.605,1.413,0.168,0.533,0.185,-0.242,-0.568,0.244,-0.012,0.06,0.57,0.191,-0.348,0.666,0.223,0.117,2.38,-0.929,0.205,0.456,0.111,0.987,1.45,3.698,1.059,0.468,-0.922,-0.255,-0.584,1.812,1.329,1.807
"SA006",-0.852,-0.492,-0.198,0.382,0.136,-0.363,2.767,-0.351,-0.792,0.163,0.016,0.172,0.737,0.809,0.976,0.731,-1.099,-0.717,-0.441,-0.824,-0.624,-0.61,-0.558,-0.443,-0.451,0.31,0.85,0.444,0.296,-0.645,-0.382,-0.323,-0.116,-0.113,-0.875,0.299,-0.81,-0.836,0.162,0.157,-0.632,1.473,0.835,1.844,-0.571,-0.096,-0.853,-0.87,-0.53,-1.112,-0.297,1.475,3.015,0.618,0.52,0.289,0.213,-0.411,-0.113,0.322,-0.633,0.191,0.669,0.662,0.97,0.843,4.124,-0.929,-0.302,-0.253,0.131,0.91,1.686,3.675,1.705,0.36,-0.922,0.199,-0.584,0.345,-1.223,-0.819
"SA007",-0.123,-0.081,0.818,0.882,0.511,-0.363,-0.466,-0.561,-0.951,-0.075,0.911,0.944,1.051,1.518,1.355,1.954,-0.267,-0.717,-0.441,-0.105,0.384,0.03,0.03,0.269,-0.211,-0.182,0.448,-0.447,-0.72,-0.645,-0.382,-0.341,-0.933,-0.483,-0.851,-0.012,-0.475,0.014,-0.054,0.06,-0.632,1.807,1.327,1.935,-0.42,0.954,0.223,0.102,-0.32,0.565,-1.478,0.463,1.06,1.3,1.588,0.35,-0.418,-0.463,0.455,0.299,0.73,0.191,NaN,NaN,NaN,NaN,NaN,NaN,NaN,NaN,NaN,NaN,NaN,NaN,NaN,NaN,-0.922,NaN,NaN,0.11,-0.196,-0.162
"SP001",-0.287,-0.052,0.431,-0.203,-0.153,0.043,1.344,-0.182,-0.787,1.04,1.824,1.547,1.186,0.535,1.036,1.446,1.448,2.652,3.222,0.087,0.461,0.286,1.058,0.065,0.27,1.679,0.408,-0.15,-0.421,0.24,-0.196,0.063,1.31,1.332,1.602,1.054,1.109,1.476,1.089,1.375,0.968,0.572,0.64,0.371,-0.178,0.861,-0.729,-0.743,-0.41,0.382,-1.478,0.488,1.586,0.421,0.408,0.976,-0.288,-0.21,0.13,-0.06,0.328,0.191,-0.529,0.022,0.01,2.124,-0.153,-0.929,0.459,-0.637,0.314,-0.092,-0.014,0.266,0.974,0.641,-0.922,-0.294,-0.584,0.979,1.111,1.807
"SP002",0.009,0.374,0.829,-0.113,0.06,0.374,-0.466,-1.215,-1.002,0.735,0.79,0.936,0.737,0.175,0.625,0.242,1.938,2.652,3.222,0.854,0.694,0.414,0.47,-0.036,0.511,1.679,0.89,-0.051,-0.242,0.476,-0.03,-0.341,0.03,1.789,1.597,1.357,1.419,0.627,1.089,1.375,-0.632,2.047,0.793,1.81,-0.38,0.916,-1.057,-1.124,-0.52,0.859,-1.478,-0.718,0.598,-0.252,-0.261,0.409,-0.275,-0.511,-0.315,-0.222,-0.134,0.191,-0.869,-1.293,-0.724,-1.666,-0.31,-0.929,-1.159,-1.477,-0.798,-0.591,-0.303,-1.719,-0.551,-0.544,-0.922,-0.324,-0.584,1.131,0.707,1.479
"SP003",-0.818,-1.159,-0.783,0.525,0.513,-0.363,-0.466,-0.912,-0.792,0.237,-0.624,-0.008,-0.292,-0.449,-0.702,-0.792,0.089,-0.717,-0.441,0.183,-0.314,-0.226,-0.558,-0.24,-0.451,-0.1,0.529,0.395,0.774,2.176,0.335,0.146,0.798,1.444,0.857,-0.024,-0.021,1.174,0.904,1.375,2.183,1.098,-0.391,1.078,-0.437,0.901,-0.998,-0.904,-0.46,0.407,0.533,-0.587,-0.395,-0.74,-0.239,-0.094,-0.087,-0.332,0.035,0.533,0.329,0.191,0.922,-1.293,-0.547,-1.536,-0.195,-0.929,0.217,0.737,-0.293,-0.18,0.832,4.238,2.711,1.346,-0.922,0.172,0.039,0.709,1.516,0.166
"SP004",-0.579,-0.492,-0.201,-0.69,-0.62,-0.363,1.172,-0.092,-0.232,1.528,-0.695,-0.395,0.01,0.626,0.252,-0.154,0.338,0.518,-0.441,2.917,1.701,4.508,2.967,6.062,4.119,1.268,-0.235,-0.101,-0.66,1.045,0.216,-0.341,-0.425,0.713,1.38,0.367,-0.101,1.262,1.034,1.145,2.642,1.837,0.929,1.448,-1.158,0.562,-0.567,-0.384,-0.99,0.738,-1.478,0.632,-0.275,0.315,0.574,-1.068,1.087,-0.209,0.902,0.732,0.26,0.191,-1.046,-1.293,-0.188,0.237,-0.249,-0.929,-0.716,-0.779,-0.394,-0.025,0.599,-0.538,-0.199,-0.277,-0.922,-0.308,-0.584,0.732,1.298,1.643
"SP005",-1.016,-1.493,-1.001,-0.885,-0.62,-0.363,1.61,-0.606,0.259,1.528,-1.274,-0.89,-0.997,-0.943,-0.91,-0.792,-1.188,-0.717,-0.441,-0.824,-0.779,-0.61,-0.558,-0.443,-0.451,-0.374,0.408,1.138,1.312,-0.645,-0.382,-0.341,0.169,-0.695,-0.875,-1.306,-0.828,-0.836,0.614,0.585,0.771,1.167,0.678,1.011,1.021,0.954,-0.472,-0.46,0.85,-0.558,0.565,-0.067,0.48,-0.71,-0.703,0.059,0.732,-0.539,0.902,0.944,1.498,0.191,0.588,-1.293,-0.701,-1.301,-0.07,-0.929,-0.965,-0.687,-0.709,-0.497,-0.715,-2.288,-1.259,-0.771,-0.922,-0.546,-0.584,-0.125,-1.223,-0.819
"SP006",-0.633,-0.158,0.525,3.978,0.588,-0.363,-0.466,-0.048,-0.302,0.248,-0.605,-0.443,-0.052,-0.244,-0.055,-0.634,-0.108,-0.717,-0.441,1.718,1.236,1.565,0.323,0.777,0.03,0.365,0.448,0.494,0.117,0.723,-0.382,-0.341,-0.155,0.386,0.491,-0.323,0.063,-0.33,0.726,0.924,1.021,1.714,0.734,1.673,0.384,0.954,-0.854,-0.262,-0.22,0.154,-1.478,-0.691,0.149,0.402,1.431,0.62,-0.078,4.471,-1.66,0.206,0.317,0.191,-0.955,-1.293,-0.749,0.489,-0.126,-0.929,-0.898,-0.62,-0.754,-0.366,-0.233,-0.366,-0.185,-0.277,1.078,0.443,-0.584,0.427,1.423,0.002
"SP007",NaN,NaN,NaN,NaN,NaN,NaN,-0.466,-0.459,-0.372,0.726,-1.169,-1.005,-0.415,-0.215,-0.818,-0.792,0.064,0.191,-0.441,-0.824,-0.004,-0.61,-0.558,-0.443,-0.451,1.679,-0.154,0.296,0.595,0.308,-0.001,0.003,1.424,1.509,1.256,1.357,1.632,1.488,1.089,1.248,2.481,-0.507,-0.494,-0.408,0.207,-0.533,-0.745,-0.666,-0.23,-1.273,-0.768,-0.514,-0.214,0.949,0.588,0.621,0.724,0.62,0.902,0.944,0.567,0.191,NaN,NaN,NaN,NaN,NaN,NaN,NaN,NaN,NaN,NaN,NaN,NaN,NaN,NaN,1.078,NaN,NaN,0.932,0.52,-0.819
"SP008",-0.764,-0.756,0.536,-0.288,-0.435,0.088,-0.466,-0.999,-0.786,1.528,-1.526,-1.204,-0.484,-0.359,-0.513,-0.113,0.535,0.41,-0.441,1.67,0.849,1.245,0.617,0.777,-0.451,-1.058,0.087,-0.051,-0.66,0.43,-0.029,-0.341,0.997,0.684,1.189,0.258,1.114,-0.806,0.294,-0.143,-0.632,0.378,1.085,-0.145,0.042,-0.22,-0.021,0.079,0.02,0.118,0.815,-0.743,-0.257,1.229,0.673,0.774,1.162,-0.242,0.902,0.944,1.498,0.191,-0.579,0.506,-0.092,0.558,-0.263,0.076,-0.736,-0.712,-0.613,-0.484,-0.59,-0.057,-0.19,-1.255,1.078,0.516,-0.584,0.967,0.458,-0.819
"SP009",-0.862,-0.593,0.439,0.246,0.336,-0.363,-0.466,-0.82,-0.891,1.251,-0.65,0.078,0.344,0.238,0.193,0.9,0.638,0.192,-0.441,1.43,0.694,1.117,0.176,0.472,-0.451,-1.058,0.97,1.039,1.133,2.916,3.396,3.356,0.522,0.379,1.297,-0.325,0.132,-0.08,-0.525,-0.6,-0.632,-0.586,-0.114,-0.224,-0.282,-0.412,0.285,0.063,-0.22,0.549,0.969,0.182,-1.007,1.177,0.525,-0.178,0.5,-0.539,0.685,0.944,1.383,0.191,0.974,1.034,0.099,0.071,-0.242,1.164,0.821,2.297,3.559,6.72,4.52,0.244,0.778,-0.203,-0.922,-0.282,-0.584,0.239,-0.756,-0.819
"SP010",0.233,0.082,0.94,-0.326,-0.482,-0.363,-0.466,-0.457,-0.242,1.528,-0.634,-0.27,0.001,0.01,0.146,1.101,-1.286,-0.717,-0.441,-0.345,-0.159,-0.61,-0.558,-0.443,-0.451,-1.058,1.533,0.741,-0.6,-0.511,-0.382,-0.341,0.492,-0.283,0.604,-0.001,0.506,-0.492,-0.731,-0.204,-0.632,0.044,0.122,0.058,0.78,0.535,0.692,0.56,0.1,0.39,0.567,-0.306,1.189,1.173,1.834,0.667,1.137,0.315,0.902,0.944,1.498,0.191,-0.442,0.395,0.019,0.018,-0.279,0.23,-0.158,-0.004,0.911,3.135,4.046,-0.106,0.808,-0.12,1.078,-0.009,0.039,0.462,-0.881,-0.661
"SP011",-0.504,-0.586,0.275,-0.34,-0.228,-0.363,-0.466,-0.69,-1.04,-0.244,-0.98,-0.99,-0.528,-0.354,-0.288,-0.047,1.788,2.267,2.575,2.005,0.771,2.333,0.911,1.895,0.751,-1.058,0.689,-0.398,-0.78,-0.082,-0.382,-0.341,0.169,0.068,-0.198,0.165,0.002,-0.836,-0.272,0.442,-0.632,0.509,0.719,0.217,-1.041,-0.623,-0.01,-0.299,-0.25,0.543,-1.478,-0.354,-0.092,0.258,0.874,-0.674,-0.257,-0.302,0.902,0.944,1.07,0.191,-0.192,1.368,0.005,0.356,-0.221,1.103,3.669,2.241,1.486,0.75,0.391,-0.02,0.872,1.416,1.078,-0.056,-0.584,0.403,-1.223,-0.819
"WI001",-0.094,0.253,0.773,-0.088,-0.058,0.129,-0.466,-0.91,-0.939,1.059,1.614,1.617,1.23,0.76,0.987,0.734,1.444,1.666,2.224,0.902,0.694,0.798,0.617,-0.138,0.751,1.679,0.569,-0.051,-0.302,0.603,-0.045,0.012,-0.573,0.496,1.035,-0.041,0.299,0.472,0.861,0.368,-0.632,0.275,-0.061,0.416,-0.425,0.777,-0.736,-0.424,-0.26,0.859,-1.478,-0.2,0.802,0.226,0.251,0.168,-0.42,-0.361,0.361,0.514,0.669,0.191,-0.654,-0.091,-0.559,-0.949,-0.11,-0.929,-1.064,-0.85,-0.48,-0.043,0.708,0.199,-0.038,-0.484,-0.922,-0.223,-0.584,0.403,0.395,1.479
"WI002",1.272,1.417,0.814,0.203,-0.62,-0.363,-0.466,-0.066,0.088,0.383,0.999,0.865,0.201,0.034,0.843,0.06,1.076,0.954,0.919,0.854,1.546,0.67,1.204,-0.036,1.954,-0.538,1.332,1.732,1.91,0.971,0.778,0.072,0.286,1.16,0.246,-0.318,-0.23,-0.836,0.612,0.365,-0.632,-0.471,-0.284,-0.278,0.075,-0.6,-0.389,-0.913,-1.22,-3.688,-1.478,-0.638,-0.273,-1.094,-0.708,-0.693,-0.246,-0.29,0.61,0.458,-0.768,0.191,-0.133,-1.293,1.89,1.583,0.15,-0.929,-0.866,-0.33,-0.317,-0.385,1.007,0.726,-0.001,-0.486,1.078,0.294,-0.584,0.885,1.703,1.807
"WI003",-0.519,-0.143,0.545,0.284,0.458,0.099,-0.009,-0.381,-0.935,0.6,1.636,1.084,1.038,0.818,1.309,1.291,1.203,1.208,1.908,0.854,0.384,0.542,0.03,0.167,-0.211,1.159,0.77,1.385,1.073,0.361,0.004,0.462,0.317,1.185,0.714,0.713,-0.251,0.923,0.816,0.531,0.432,0.223,0.003,0.164,-0.975,0.542,-0.508,-0.408,-0.65,0.14,-1.478,0.669,0.12,0.666,0.983,-0.965,-0.242,0.102,0.275,0.016,0.34,0.191,-0.273,-1.293,0.715,3.815,-0.213,0.554,0.72,0.493,1.124,0.358,-0.463,-0.407,0.071,0.038,1.078,-0.213,-0.584,1.448,0.862,1.807
"WI004",0.224,0.253,0.114,0.128,0.107,-0.363,0.438,0.065,-0.646,0.08,0.26,-0.124,-0.224,0.063,0.098,0.392,1.55,1.705,2.048,0.95,0.539,1.693,0.617,0.472,1.473,1.35,0.569,0.444,-0.003,0.073,-0.218,-0.192,0.141,1.049,0.705,-0.242,-0.086,0.534,0.555,-0.195,-0.632,0.534,-0.131,0.431,-0.904,0.334,-0.63,-0.875,-0.8,0.303,-1.478,0.732,0.988,0.617,0.421,-0.735,-0.395,-0.08,-0.019,0.065,-0.113,0.191,-1.205,-1.293,-0.554,1.127,-0.122,1.125,3.099,0.916,0.925,0.866,0.74,-0.94,-0.271,0.47,1.078,-0.475,-0.584,0.157,-1.223,NaN
"WI005",1.582,1.838,1.604,-0.15,-0.298,0.684,-0.466,0.286,0.183,0.972,1.593,0.973,1.346,1.268,1.468,1.454,1.291,1.5,2.123,1.909,1.856,1.565,1.939,0.675,2.675,1.487,0.006,-0.101,-0.66,1.586,0.837,1.006,-0.114,0.851,0.742,0.489,0.485,0.683,0.78,0.528,-0.632,0.057,-0.21,0.077,0.601,-0.737,-0.024,-0.136,-0.77,0.717,-1.478,-0.445,-0.001,-0.369,0.613,-1.068,-0.077,0.176,0.149,0.17,0.607,0.191,-0.836,0.199,-0.234,0.75,-0.232,-0.929,-0.447,-0.3,0.255,0.296,0.098,-0.338,0.203,-0.314,1.078,-0.31,-0.584,0.403,0.862,0.494
"WI006",-0.396,-0.29,0.258,0.612,0.592,0.088,-0.019,-0.522,-0.942,-1.022,1.625,0.844,0.749,0.417,0.487,0.927,0.09,-0.279,-0.381,0.95,1.004,1.245,0.03,1.692,0.27,1.077,0.368,0.642,0.475,0.079,-0.23,-0.341,-0.081,0.877,0.633,0.109,-0.101,0.06,0.079,0.344,0.865,0.107,-0.131,0.12,-0.76,-0.293,-0.265,-0.291,-0.4,-0.176,1.017,-0.353,-0.354,-0.186,0.262,-0.173,-1.307,-0.539,-1.66,-1.537,-1.105,0.191,-0.096,-1.293,-0.655,-1.327,-0.329,-0.929,-0.457,-0.888,-0.712,-0.273,-0.113,-0.534,-0.324,0.112,1.078,-0.332,-0.584,-0.125,1.267,1.479
"WI007",1.164,0.923,0.768,-0.422,-0.62,-0.363,-0.466,-0.016,-0.036,0.703,0.962,1.003,1.628,1.763,2.316,2.582,1.85,1.975,2.425,2.293,2.244,2.397,2.82,1.997,3.638,1.268,0.649,0.791,0.296,0.916,-0.028,-0.341,0.11,1.025,0.533,0.785,0.795,0.655,0.736,0.827,0.504,0.219,-0.398,0.318,0.123,-1.554,-0.17,0.321,-1.07,0.859,-1.478,-0.736,-0.298,-0.73,0.768,-1.068,-0.258,-0.189,0.89,0.944,0.789,0.191,0.607,-1.293,0.008,0.239,0.095,-0.929,-0.639,-0.068,-0.81,-0.229,1.626,0.178,-0.883,-0.342,-0.922,-0.243,-0.584,1.495,0.831,-0.32
"WI008",-0.788,-0.76,-0.113,0.328,0.033,-0.363,-0.466,-0.276,-0.979,0.336,1.727,1.384,1.302,0.462,0.501,0.675,-0.03,-0.049,-0.004,0.183,0.384,0.478,-0.117,0.065,0.27,0.912,-0.677,-0.596,-0.72,-0.559,-0.382,-0.341,-0.008,0.933,0.872,0.784,0.318,1.362,0.832,0.249,-0.632,-0.545,-0.489,-0.417,-0.453,-0.007,-0.616,-0.525,-0.36,0.37,0.446,0.631,1.242,0.398,-0.163,0.329,-0.122,0.916,0.572,0.199,0.675,0.191,-0.343,-1.293,0.741,0.442,-0.237,2.636,2.732,1.908,1.813,0.318,-0.379,0.43,0.339,0.454,1.078,-0.397,-0.584,0.075,-0.85,-0.819
"WI009",-0.09,0.087,0.604,0.358,0.257,0.076,-0.466,-0.245,-0.794,0.552,1.766,1.644,1.529,0.934,0.952,0.752,1.938,2.652,3.222,0.998,0.461,0.989,0.911,0.777,1.473,1.679,0.488,-0.249,-0.421,0.198,-0.135,0.047,0.057,0.899,0.655,0.707,0.301,0.577,0.919,1.107,1.484,0.645,0.468,0.213,-0.217,0.544,-0.252,-0.599,-0.43,0.859,-1.478,0.264,1.203,0.653,0.412,0.663,-0.607,-0.539,0.097,-0.148,0.435,0.191,-0.532,-1.293,-0.196,0.103,-0.261,0.306,0.991,0.299,1.466,0.671,0.095,0.733,1.198,0.4,-0.922,-0.523,-0.584,0.932,0.987,1.649
"WI010",1.573,1.466,1.037,-0.567,-0.249,-0.363,-0.466,-0.576,0.727,1.469,1.508,1.205,2.784,2.794,3.045,3.374,1.728,2.476,3.103,3.204,3.097,3.42,3.848,2.505,4.119,1.679,0.729,1.187,1.432,1.194,0.254,-0.341,-1.024,0.359,-0.1,1.357,-0.045,1.512,1.089,1.375,-0.205,0.052,0.091,0.141,1.04,-1.765,0.615,1.021,-0.67,0.359,-1.478,-0.703,-0.427,-0.702,0.761,-1.068,-0.354,0.05,0.902,0.944,0.872,0.191,0.24,0.546,0.691,2.087,-0.215,-0.929,-0.332,0.347,-0.294,-0.362,-0.423,0.084,-0.433,-0.307,1.078,-0.342,-0.584,1.589,0.769,-0.478
"WI011",-0.255,0.107,0.413,0.755,0.248,0.152,-0.466,-0.818,-0.919,1.237,1.694,0.628,0.808,0.735,0.544,1.109,1.816,2.652,3.222,0.279,0.771,0.989,0.911,1.183,0.511,1.46,0.569,0.89,-0.302,-0.274,-0.084,-0.108,0.221,0.79,0.498,1.146,0.777,1.06,1.089,1.343,-0.632,0.299,-0.136,0.445,-1.225,-0.212,-0.148,-0.647,-0.95,0.117,-0.553,0.135,-0.773,0.849,0.14,-1.068,-0.485,-0.433,0.554,0.601,0.267,0.191,0.335,0.477,-0.064,0.863,-0.273,-0.929,-0.096,0.204,0.5,0.183,-0.045,0.24,0.134,-0.218,1.078,-0.311,-0.584,1.084,1.174,1.807
"WI012",0.971,0.527,-0.565,-0.649,-0.62,-0.363,-0.466,-0.595,-0.014,-1.022,0.94,0.443,-0.91,-0.75,-0.91,-0.792,0.397,0.662,-0.369,-0.824,-0.779,-0.61,-0.558,-0.443,-0.451,-0.374,-1.119,-0.794,-0.481,-0.645,-0.382,-0.341,0.179,-0.445,-0.875,0.315,0.199,-0.231,0.447,0.664,-0.632,-0.724,-0.957,0.078,1.379,0.419,0.518,1.239,1.14,0.859,1.017,-0.514,1.305,0.15,2.226,0.642,-0.306,-0.539,0.818,0.715,-1.105,0.191,0.285,0.095,-0.697,-0.798,-0.355,0.231,0.369,-0.339,-0.182,-0.585,-0.736,-0.541,-0.474,0.16,-0.922,-0.273,0.662,-1.134,0.053,-0.819
"WI013",0.786,0.88,1.159,-0.561,-0.424,-0.111,-0.466,-0.167,0.716,1.528,0.184,0.34,1.265,1.543,1.854,2.233,1.383,1.77,2.221,2.821,2.787,2.653,3.113,2.098,2.194,1.35,0.609,0.692,0.595,1.405,0.269,-0.341,0.003,0.189,0.275,0.592,0.911,0.475,0.664,0.819,0.079,0.964,0.203,0.829,0.898,-1.767,0.975,0.901,-0.74,0.287,-1.478,-1.084,0.03,-0.54,1.475,-1.068,0.388,0.106,0.902,0.944,1.498,0.191,0.43,0.791,0.361,1.157,-0.223,-0.929,-0.13,0.55,-0.333,-0.422,-0.63,-0.385,-0.751,-0.25,1.078,-0.337,-0.584,1.483,1.485,-0.162
"WI014",-0.607,-0.469,-1.51,-0.242,-0.278,-0.363,-0.466,0.467,0.455,-1.022,1.824,2.514,3.291,3.983,4.252,4.384,1.65,2.626,3.129,0.758,0.616,0.158,0.911,-0.24,0.992,-0.757,-0.195,-0.992,-0.78,-0.645,-0.382,-0.341,-0.172,-0.957,-0.875,0.437,0.639,-0.836,0.468,0.497,-0.587,-1.649,-1.517,-1.471,-1.954,-3.114,-1.693,-0.714,-1.63,-3.688,-1.478,-0.655,-1.007,-1.469,-1.752,-1.068,-1.307,-0.539,-1.66,-1.537,-1.105,-4.007,0.064,-0.241,-0.108,-0.148,-0.321,-0.929,-1.208,-0.1,-0.986,-1.085,-1.001,-0.218,-1.67,-0.795,-0.922,-0.281,-0.584,0.979,0.925,-0.655
"WI015",0.484,0.757,1.235,0.501,0.128,-0.363,1.005,-0.171,-0.814,1.169,0.581,0.085,0.053,0.358,0.544,0.793,0.409,0.443,-0.441,2.005,1.159,2.397,1.204,3.013,1.473,0.31,0.488,1.435,1.013,0.291,-0.078,-0.068,-0.29,0.522,0.12,0.18,-0.238,0.343,0.359,0.219,-0.632,0.198,0.016,0.14,-1.031,-0.055,-0.421,-0.501,-0.59,0.401,-1.478,0.802,-0.388,0.155,-0.01,-1.068,-0.013,0.247,0.571,0.474,0.77,0.191,0.351,-1.293,-0.175,1.465,-0.167,-0.929,-0.28,-0.144,-0.223,-0.382,0.01,0.219,0.107,0.174,1.078,-0.475,-0.584,0.145,1.08,-0.327
"WI016",-0.656,-0.445,-0.062,0.704,0.896,0.489,2.723,-0.105,-0.738,0.885,1.142,0.81,1.32,0.495,0.944,1.655,0.879,1.232,1.003,1.286,0.771,1.949,1.058,3.013,1.473,0.529,0.569,0.543,0.416,-0.209,-0.382,-0.341,0.174,1.065,1.68,0.756,0.231,0.955,0.265,0.947,1.715,0.484,0.343,0.425,-0.669,0.655,-0.67,-0.399,-1.19,-3.688,-1.478,0.703,0.017,0.874,0.901,-0.847,0.43,0.33,0.902,0.437,0.407,0.191,-1.052,-1.293,0.323,-0.218,-0.341,-0.929,-0.746,-0.741,-0.493,-0.378,-0.489,-0.693,-0.466,-0.13,1.078,-0.385,-0.584,0.826,1.08,0.986
"WI017",0.132,0.253,0.307,1.314,0.892,3.323,-0.466,-1.775,-1.702,0.904,0.541,-0.239,-0.16,0.045,-0.195,0.053,0.085,0.285,-0.441,0.758,0.694,0.861,0.764,0.777,-0.211,1.131,0.448,0.989,0.715,0.305,-0.048,-0.07,-0.147,0.805,0.771,0.867,-0.359,0.912,1.089,0.913,-0.632,1.097,0.055,1.345,-1.411,-0.228,-1.205,-1.045,-1.15,-0.004,-1.478,-0.593,-1.007,-0.932,-0.108,-1.068,-0.237,0.544,0.749,0.02,0.58,0.191,NaN,NaN,NaN,NaN,NaN,NaN,NaN,NaN,NaN,NaN,NaN,NaN,NaN,NaN,1.078,NaN,NaN,1.46,1.205,-0.162
"WI018",NaN,NaN,NaN,NaN,NaN,NaN,-0.466,-1.852,-1.352,1.519,1.662,1.026,2.973,2.735,2.58,2.818,1.481,2.634,2.69,2.485,2.787,2.972,4.582,2.81,4.119,0.721,0.247,-0.15,-0.541,1.407,1.677,0.083,-0.004,0.638,0.783,0.798,0.716,1.303,0.699,1.132,2.253,1.216,0.413,1.272,0.138,-1.888,-0.76,-0.598,-0.71,0.22,-1.478,-0.919,0.716,-1.064,-0.243,-1.068,-0.345,1.324,0.902,0.793,0.857,0.191,NaN,NaN,NaN,NaN,NaN,NaN,NaN,NaN,NaN,NaN,NaN,NaN,NaN,NaN,1.078,NaN,NaN,1.507,1.454,-0.162
"WI019",-0.28,-0.235,-0.75,0.716,1.13,1.874,-0.466,-0.331,-1.347,-0.923,-0.561,-0.09,0.357,0.584,0.339,0.907,-0.31,-0.717,-0.441,0.327,0.306,0.03,-0.411,-0.443,-0.451,-1.058,1.131,-1.042,-0.78,-0.522,-0.382,-0.341,0.207,-0.056,-0.579,-0.071,-0.853,-0.836,-0.278,0.011,-0.632,0.055,1.032,0.029,-1.061,-2.156,0.035,-0.06,-0.66,0.108,0.433,1.879,-0.212,1.192,1.091,0.529,-0.668,-0.539,-0.52,-0.289,-0.394,0.191,-0.215,3.676,-0.535,-0.199,-0.377,3.342,3.093,3.071,2.935,3.141,0.424,0.353,1.107,-1.255,-0.922,-0.135,-0.584,-0.841,-0.103,-0.819
"WL001",1.395,1.312,1.656,-0.708,-0.62,-0.363,-0.466,0.888,0.542,1.528,0.614,-0.078,0.001,-0.151,0.197,0.983,1.202,1.16,0.811,-0.009,0.073,-0.418,-0.558,-0.24,-0.451,-0.593,-0.154,0.494,1.253,1.286,0.385,0.206,1.375,1.645,1.315,0.093,1.175,1.996,1.089,1.375,3.063,0.819,0.255,0.973,1.115,0.954,-0.405,-0.953,-0.97,-3.688,-1.478,-0.674,0.429,-0.891,-1.203,-1.068,1.879,3.059,0.902,0.944,1.498,0.191,0.174,0.652,2.895,2.042,-0.519,-0.929,-0.694,-0.931,-0.478,-0.3,-0.881,0.252,0.153,-0.321,1.078,-0.417,-0.584,0.61,1.267,0.166
"WL002",-0.376,-0.371,-0.051,-0.743,-0.62,-0.363,-0.466,0.499,0.24,1.528,-1.079,-0.772,-0.193,-0.299,0.047,0.021,0.847,0.803,-0.257,0.662,0.616,0.861,0.911,0.98,0.511,0.174,0.77,2.128,3.165,0.507,-0.382,-0.341,1.33,1.444,0.06,1.21,2.119,2.883,1.049,1.375,1.436,0.311,-0.042,0.134,0.248,-1.671,-0.204,0.441,-0.72,0.859,-0.119,-0.795,-0.001,-1.469,-1.264,-0.553,0.474,-0.198,0.902,0.944,1.014,0.191,1.176,1.305,3.801,1.525,-0.519,-0.929,-0.492,-0.508,-0.346,-0.429,-1.139,0.288,-0.213,-0.054,1.078,-0.43,-0.584,0.255,1.485,1.807
"WL003",1.827,1.566,1.514,-0.708,-0.62,-0.363,-0.466,1.543,1.714,1.528,0.127,-0.185,0.573,0.723,0.933,0.746,0.924,0.83,0.212,0.135,0.539,-0.354,-0.117,-0.443,0.03,0.009,0.649,1.138,1.372,0.951,0.125,0.009,-0.18,-0.081,0.15,-0.012,0.198,-0.512,0.615,1.111,1.564,0.388,0.344,0.597,0.583,0.688,-0.542,-0.694,-0.92,0.835,-1.478,-0.317,0.846,-1.051,-1.355,-0.649,1.879,3.873,0.902,0.944,1.47,0.191,-0.539,-0.037,-0.169,-0.132,-0.519,-0.929,-1.014,-1.058,-0.809,-0.562,-0.555,-1.015,-0.621,-0.47,1.078,-0.471,-0.584,0.766,1.236,0.494
"WL004",1.554,0.844,1.398,-0.836,-0.62,-0.363,0.912,0.11,2.427,1.528,0.277,0.401,0.14,-0.676,-0.668,-0.624,0.357,-0.665,-0.441,3.061,3.407,2.972,2.82,3.115,3.878,0.201,1.412,3.416,4.481,0.64,0.02,0.023,-0.201,0.547,0.265,-0.355,-1.156,-0.782,1.089,0.039,1.175,0.548,2.891,0.913,0.11,0.892,-1.36,-1.306,-0.97,-3.688,-1.478,-0.446,1.29,-0.311,-0.143,-0.391,1.879,1.183,0.241,0.273,0.264,0.191,0.432,-1.293,0.402,-0.098,-0.256,-0.929,-0.353,-0.494,-0.504,-0.458,-0.556,-0.213,-0.25,0.092,1.078,-0.356,-0.584,0.838,1.578,1.807
"WL005",-0.206,-0.191,1.204,-0.505,-0.62,-0.363,0.512,-0.524,-0.693,0.044,-0.889,-0.787,-0.503,-0.251,0.005,0.353,0.235,-0.686,-0.441,0.854,-0.702,-0.098,-0.558,-0.443,-0.451,1.679,0.729,0.246,-0.003,0.494,-0.382,-0.341,1.246,0.047,0.684,0.179,-0.022,0.393,0.742,0.873,0.739,-0.409,0.135,-0.403,0.111,0.866,0.174,-0.044,0.14,0.187,0.934,0.384,0.478,0.406,0.84,1.662,-0.032,2.824,0.902,0.694,1.221,0.191,-0.26,1.76,0.466,0.048,-0.251,1.713,2.02,2.646,3.357,1.95,0.661,0.14,1.687,-1.073,1.078,-0.515,-0.584,0.779,0.613,0.494
"WL006",-0.204,-0.217,1.23,-0.349,-0.62,-0.363,0.534,-0.435,-0.618,0.129,-0.851,-0.766,-0.427,-0.141,0.123,0.321,0.021,-0.717,-0.441,1.094,-0.702,0.606,-0.558,-0.138,-0.451,1.679,0.77,0.097,-0.541,0.588,-0.382,-0.341,0.714,0.866,0.761,0.061,0.086,0.41,0.23,1.162,-0.632,-0.501,0.074,-0.324,0.174,0.834,-0.068,-0.265,0.02,0.585,1.017,0.511,0.509,0.582,0.64,1.28,-0.06,2.885,0.902,0.808,1.199,0.191,-0.044,2.098,0.776,0.214,-0.084,2.037,2.596,3.441,3.964,1.732,0.01,0.198,1.853,-1.074,1.078,-0.448,-0.584,0.533,0.644,0.494
"WL007",-0.33,-0.354,1.291,-0.281,-0.62,-0.363,0.748,-0.689,-0.751,0.345,-0.898,-0.756,-0.314,-0.226,0.518,0.467,-0.048,-0.717,-0.441,0.375,-0.779,0.606,-0.558,-0.138,-0.451,1.679,0.649,-0.002,-0.66,0.805,-0.382,-0.341,0.522,0.48,-0.467,-0.038,-0.579,0.117,0.306,0.325,-0.632,-0.62,-0.076,-0.082,0.021,0.842,-0.312,-0.259,0.09,0.376,1.017,0.28,0.797,0.678,0.609,1.165,-0.189,2.593,0.624,0.549,0.735,0.191,-0.507,1.356,0.489,0.003,-0.257,1.067,1.3,1.319,2.538,1.537,-0.225,0.17,1.555,-1.255,1.078,-0.304,-0.584,0.31,0.302,1.15
